month,state,district,pincode,demo_age_5_17,demo_age_17_,bio_age_5_17,bio_age_17_,bio_total,demo_total,bio_demo_ratio,anomaly_flag
2025-01,Andaman & Nicobar Islands,Andamans,25299936,0.0,33.0,96.0,923.0,1019.0,33.0,29.970588235294116,-1
2025-01,Andaman and Nicobar Islands,North And Middle Andaman,49861732,60.0,861.0,2102.0,2074.0,4176.0,921.0,4.5292841648590025,-1
2025-01,Andaman and Nicobar Islands,South Andaman,83342732,87.0,546.0,3733.0,2563.0,6296.0,633.0,9.930599369085174,-1
2025-01,Andhra Pradesh,Adilabad,235475027,517.0,5336.0,6035.0,20122.0,26157.0,5853.0,4.46822685343355,-1
2025-01,Andhra Pradesh,Alluri Sitharama Raju,154087733,597.0,4849.0,5218.0,5934.0,11152.0,5446.0,2.0473655223058564,-1
2025-01,Andhra Pradesh,Anantapur,522200084,1481.0,21958.0,21756.0,32725.0,54481.0,23439.0,2.3242747440273037,-1
2025-01,Andhra Pradesh,Ananthapur,468077170,2586.0,7948.0,50370.0,11369.0,61739.0,10534.0,5.860370194589463,-1
2025-01,Andhra Pradesh,Ananthapuramu,470662892,6914.0,25421.0,71315.0,12098.0,83413.0,32335.0,2.579570757050965,-1
2025-01,Andhra Pradesh,Annamayya,162774612,3875.0,16881.0,3658.0,2294.0,5952.0,20756.0,0.28674663968781616,-1
2025-01,Andhra Pradesh,Chittoor,624058873,12129.0,74914.0,112611.0,50231.0,162842.0,87043.0,1.8708009742199347,-1
2025-01,Andhra Pradesh,Cuddapah,467224385,3063.0,24696.0,79058.0,31889.0,110947.0,27759.0,3.9966498559077808,-1
2025-01,Andhra Pradesh,East Godavari,851002458,6925.0,61161.0,133483.0,61304.0,194787.0,68086.0,2.860854494984358,-1
2025-01,Andhra Pradesh,Guntur,648738366,9218.0,79994.0,130649.0,64403.0,195052.0,89212.0,2.1863629740060304,-1
2025-01,Andhra Pradesh,Hyderabad,307022819,907.0,7343.0,12449.0,50539.0,62988.0,8250.0,7.633983759544297,-1
2025-01,Andhra Pradesh,K.v. Rangareddy,9529140,1.0,5.0,40.0,25.0,65.0,6.0,9.285714285714286,-1
2025-01,Andhra Pradesh,Kakinada,178660525,1823.0,12076.0,3970.0,3033.0,7003.0,13899.0,0.5038129496402878,-1
2025-01,Andhra Pradesh,Karim Nagar,37896071,10.0,58.0,131.0,472.0,603.0,68.0,8.73913043478261,-1
2025-01,Andhra Pradesh,Karimnagar,186479944,131.0,1160.0,1830.0,5855.0,7685.0,1291.0,5.948142414860681,-1
2025-01,Andhra Pradesh,Khammam,290099619,649.0,6320.0,7323.0,15475.0,22798.0,6969.0,3.270875179340029,-1
2025-01,Andhra Pradesh,Krishna,664504395,4145.0,38969.0,100551.0,52440.0,152991.0,43114.0,3.5484402180215704,-1
2025-01,Andhra Pradesh,Kurnool,549424167,14693.0,85891.0,176069.0,63924.0,239993.0,100584.0,2.3859720634289405,-1
2025-01,Andhra Pradesh,Mahbubnagar,133923741,219.0,1501.0,1447.0,5048.0,6495.0,1720.0,3.7739686228936664,-1
2025-01,Andhra Pradesh,Medak,200392732,289.0,1944.0,2600.0,7559.0,10159.0,2233.0,4.547448522829006,-1
2025-01,Andhra Pradesh,N. T. R,191127626,2436.0,17479.0,4296.0,4709.0,9005.0,19915.0,0.452149025908817,-1
2025-01,Andhra Pradesh,Nalgonda,221073809,203.0,3401.0,2495.0,11597.0,14092.0,3604.0,3.9090152565880723,-1
2025-01,Andhra Pradesh,Nandyal,167950393,3148.0,14370.0,3768.0,2666.0,6434.0,17518.0,0.3672584051601119,-1
2025-01,Andhra Pradesh,Nellore,463449146,1270.0,18121.0,68805.0,36501.0,105306.0,19391.0,5.430383663366337,-1
2025-01,Andhra Pradesh,Nizamabad,108701633,79.0,645.0,1461.0,3783.0,5244.0,724.0,7.2331034482758625,-1
2025-01,Andhra Pradesh,Palnadu,159362273,2343.0,12453.0,4034.0,2712.0,6746.0,14796.0,0.4559032236264108,-1
2025-01,Andhra Pradesh,Parvathipuram Manyam,128866530,482.0,3032.0,3773.0,3620.0,7393.0,3514.0,2.103271692745377,-1
2025-01,Andhra Pradesh,Prakasam,600677908,3899.0,38504.0,98658.0,45198.0,143856.0,42403.0,3.392510140552778,-1
2025-01,Andhra Pradesh,Rangareddi,247385398,564.0,3768.0,6710.0,25224.0,31934.0,4332.0,7.369951534733441,-1
2025-01,Andhra Pradesh,Sri Potti Sriramulu Nellore,186058210,1235.0,7515.0,3758.0,2276.0,6034.0,8750.0,0.6895211975774197,-1
2025-01,Andhra Pradesh,Sri Sathya Sai,185019374,1853.0,7681.0,3829.0,2668.0,6497.0,9534.0,0.6813843733613004,-1
2025-01,Andhra Pradesh,Srikakulam,424865558,11151.0,62655.0,91794.0,41437.0,133231.0,73806.0,1.8051268849838091,-1
2025-01,Andhra Pradesh,Tirupati,180323096,2583.0,15055.0,3359.0,3144.0,6503.0,17638.0,0.36867169340665573,-1
2025-01,Andhra Pradesh,Visakhapatnam,568514636,8654.0,69619.0,138852.0,75062.0,213914.0,78273.0,2.732887037841429,-1
2025-01,Andhra Pradesh,Vizianagaram,402841058,3885.0,31394.0,70513.0,34682.0,105195.0,35279.0,2.98171768707483,-1
2025-01,Andhra Pradesh,Warangal,305750144,858.0,7291.0,7143.0,21384.0,28527.0,8149.0,3.5002453987730062,-1
2025-01,Andhra Pradesh,West Godavari,710474497,5732.0,51955.0,94430.0,50464.0,144894.0,57687.0,2.5116835390375813,-1
2025-01,Andhra Pradesh,Y. S. R,159010373,2496.0,13333.0,3129.0,2128.0,5257.0,15829.0,0.33209096651926723,-1
2025-01,Arunachal Pradesh,Dibang Valley,7921010,0.0,3.0,96.0,111.0,207.0,3.0,51.75,-1
2025-01,Arunachal Pradesh,East Kameng,11061433,12.0,54.0,1274.0,1041.0,2315.0,66.0,34.55223880597015,-1
2025-01,Arunachal Pradesh,East Siang,15030952,38.0,194.0,865.0,675.0,1540.0,232.0,6.609442060085837,-1
2025-01,Arunachal Pradesh,Kamle,3955650,0.0,11.0,38.0,58.0,96.0,11.0,8.0,-1
2025-01,Arunachal Pradesh,Kra Daadi,6328944,27.0,107.0,492.0,422.0,914.0,134.0,6.770370370370371,-1
2025-01,Arunachal Pradesh,Kurung Kumey,10284534,11.0,19.0,621.0,1842.0,2463.0,30.0,79.45161290322581,-1
2025-01,Arunachal Pradesh,Lohit,24554312,32.0,263.0,700.0,1469.0,2169.0,295.0,7.327702702702703,-1
2025-01,Arunachal Pradesh,Pakke Kessang,790103,0.0,0.0,12.0,6.0,18.0,0.0,18.0,-1
2025-01,Arunachal Pradesh,Shi-yomi,7119027,1.0,6.0,90.0,94.0,184.0,7.0,23.0,-1
2025-01,Arunachal Pradesh,Tawang,22122938,33.0,129.0,654.0,438.0,1092.0,162.0,6.699386503067485,-1
2025-01,Arunachal Pradesh,Upper Siang,13454447,13.0,54.0,410.0,361.0,771.0,67.0,11.338235294117647,-1
2025-01,Arunachal Pradesh,West Kameng,52144380,63.0,199.0,1262.0,2388.0,3650.0,262.0,13.87832699619772,-1
2025-01,Assam,Baksa,147674560,441.0,4939.0,7068.0,2618.0,9686.0,5380.0,1.8000371678126743,-1
2025-01,Assam,Barpeta,180484952,1650.0,16067.0,35917.0,11203.0,47120.0,17717.0,2.65944237498589,-1
2025-01,Assam,Bongaigaon,110457212,1765.0,19235.0,13478.0,5724.0,19202.0,21000.0,0.9143374125041664,-1
2025-01,Assam,Cachar,436652431,1560.0,13173.0,22641.0,12821.0,35462.0,14733.0,2.406814171304466,-1
2025-01,Assam,Chirang,94779023,224.0,2096.0,10121.0,3673.0,13794.0,2320.0,5.943127962085308,-1
2025-01,Assam,Darrang,116850163,811.0,6850.0,8851.0,5187.0,14038.0,7661.0,1.8321587052988775,-1
2025-01,Assam,Dhemaji,96010787,599.0,6505.0,6289.0,3814.0,10103.0,7104.0,1.4219563687543983,-1
2025-01,Assam,Dhubri,195040883,2244.0,20619.0,25135.0,8708.0,33843.0,22863.0,1.4801871938418474,-1
2025-01,Assam,Dibrugarh,213842149,442.0,6501.0,9547.0,8954.0,18501.0,6943.0,2.6643145161290325,-1
2025-01,Assam,Goalpara,115904992,1824.0,13544.0,7560.0,4343.0,11903.0,15368.0,0.7744810983147895,-1
2025-01,Assam,Golaghat,151625731,654.0,9113.0,5129.0,4087.0,9216.0,9767.0,0.9434889434889435,-1
2025-01,Assam,Hailakandi,123753046,391.0,3336.0,7637.0,3094.0,10731.0,3727.0,2.8784871244635193,-1
2025-01,Assam,Hojai,89198292,802.0,7172.0,7837.0,6558.0,14395.0,7974.0,1.8050156739811911,-1
2025-01,Assam,Jorhat,230101105,371.0,5797.0,4940.0,2863.0,7803.0,6168.0,1.2648727508510293,-1
2025-01,Assam,Kamrup,299183184,750.0,9287.0,18242.0,6465.0,24707.0,10037.0,2.461346881848974,-1
2025-01,Assam,Kamrup Metro,308553768,658.0,6078.0,9189.0,7477.0,16666.0,6736.0,2.473801395279798,-1
2025-01,Assam,Karbi Anglong,161181662,755.0,7077.0,11084.0,5723.0,16807.0,7832.0,2.1456657730116175,-1
2025-01,Assam,Karimganj,230288924,703.0,6526.0,8246.0,5011.0,13257.0,7229.0,1.833609958506224,-1
2025-01,Assam,Kokrajhar,144136673,810.0,5479.0,12823.0,5023.0,17846.0,6289.0,2.837201907790143,-1
2025-01,Assam,Lakhimpur,141500764,668.0,10518.0,8385.0,5378.0,13763.0,11186.0,1.230267274515062,-1
2025-01,Assam,Marigaon,120462028,1269.0,10114.0,11855.0,6416.0,18271.0,11383.0,1.6049718903724526,-1
2025-01,Assam,Nagaon,303504141,1922.0,23372.0,21472.0,31504.0,52976.0,25294.0,2.094326942083416,-1
2025-01,Assam,Nalbari,206268687,595.0,5324.0,6024.0,2184.0,8208.0,5919.0,1.3864864864864865,-1
2025-01,Assam,Sonitpur,315243160,891.0,10916.0,9600.0,6061.0,15661.0,11807.0,1.3263042005420054,-1
2025-01,Assam,South Salmara Mankachar,38373374,517.0,8481.0,1344.0,825.0,2169.0,8998.0,0.24102678075341705,-1
2025-01,Assam,Tinsukia,229563811,557.0,8687.0,6991.0,4393.0,11384.0,9244.0,1.2313683071930774,-1
2025-01,Assam,Udalguri,178847368,399.0,5380.0,7985.0,4031.0,12016.0,5779.0,2.0788927335640137,-1
2025-01,Bihar,Araria,192218916,3045.0,37449.0,53189.0,53445.0,106634.0,40494.0,2.6332633658476357,-1
2025-01,Bihar,Arwal,110697001,619.0,6808.0,8291.0,11835.0,20126.0,7427.0,2.7094776521270867,-1
2025-01,Bihar,Aurangabad,285194829,3232.0,27095.0,31338.0,31614.0,62952.0,30327.0,2.0757056185702982,-1
2025-01,Bihar,Banka,254518308,2366.0,26332.0,35829.0,31839.0,67668.0,28698.0,2.357852189971776,-1
2025-01,Bihar,Begusarai,325001588,4044.0,32029.0,51780.0,49029.0,100809.0,36073.0,2.7945057382048013,-1
2025-01,Bihar,Bhagalpur,304289952,6219.0,45672.0,50999.0,48345.0,99344.0,51891.0,1.914437678254837,-1
2025-01,Bihar,Bhojpur,401613530,3001.0,33132.0,26125.0,39077.0,65202.0,36133.0,1.8044501023966348,-1
2025-01,Bihar,Buxar,257480818,1857.0,19804.0,17038.0,20891.0,37929.0,21661.0,1.750946357677038,-1
2025-01,Bihar,Darbhanga,423544166,3226.0,35632.0,66252.0,72613.0,138865.0,38858.0,3.573560822460691,-1
2025-01,Bihar,East Champaran,411783061,4748.0,54366.0,66965.0,74208.0,141173.0,59114.0,2.388107925230483,-1
2025-01,Bihar,Gaya,327256251,6348.0,54001.0,64831.0,67098.0,131929.0,60349.0,2.1860646230323115,-1
2025-01,Bihar,Gopalganj,231391616,2395.0,26334.0,33579.0,36617.0,70196.0,28729.0,2.4432996867386008,-1
2025-01,Bihar,Jamui,119262592,1522.0,17082.0,28633.0,22793.0,51426.0,18604.0,2.7640956732061275,-1
2025-01,Bihar,Jehanabad,188314013,1114.0,10382.0,10771.0,13703.0,24474.0,11496.0,2.1287292337131425,-1
2025-01,Bihar,Kaimur (Bhabua),102373058,1026.0,10586.0,26103.0,26809.0,52912.0,11612.0,4.556273142168259,-1
2025-01,Bihar,Katihar,216999356,4388.0,45835.0,70197.0,72575.0,142772.0,50223.0,2.84270468302007,-1
2025-01,Bihar,Khagaria,155744460,1681.0,14500.0,26581.0,26774.0,53355.0,16181.0,3.297182054134223,-1
2025-01,Bihar,Kishanganj,92342532,2370.0,34280.0,34557.0,46590.0,81147.0,36650.0,2.2140460014733567,-1
2025-01,Bihar,Lakhisarai,89236352,871.0,9025.0,15465.0,16822.0,32287.0,9896.0,3.262301707588158,-1
2025-01,Bihar,Madhepura,184074906,1513.0,20273.0,36629.0,41586.0,78215.0,21786.0,3.589984853352917,-1
2025-01,Bihar,Madhubani,461713472,3722.0,45911.0,77623.0,84088.0,161711.0,49633.0,3.2580690655598983,-1
2025-01,Bihar,Munger,109630601,1113.0,14929.0,14856.0,18616.0,33472.0,16042.0,2.0863928192981365,-1
2025-01,Bihar,Muzaffarpur,502556397,4869.0,47676.0,66968.0,74307.0,141275.0,52545.0,2.688596658166178,-1
2025-01,Bihar,Nalanda,291770180,2606.0,27433.0,34031.0,45208.0,79239.0,30039.0,2.6377829560585884,-1
2025-01,Bihar,Nawada,239111779,1670.0,19031.0,27872.0,32187.0,60059.0,20701.0,2.90112066467008,-1
2025-01,Bihar,Patna,605366862,5358.0,48337.0,67577.0,77139.0,144716.0,53695.0,2.6950983313468413,-1
2025-01,Bihar,Purnea,41861534,3.0,69.0,781.0,2305.0,3086.0,72.0,42.273972602739725,-1
2025-01,Bihar,Purnia,269959684,2439.0,29219.0,81889.0,78475.0,160364.0,31658.0,5.065352664329259,-1
2025-01,Bihar,Rohtas,306885639,2443.0,22636.0,33642.0,38707.0,72349.0,25079.0,2.8847288676236045,-1
2025-01,Bihar,Saharsa,189178985,1791.0,21015.0,29178.0,47352.0,76530.0,22806.0,3.3555487350374884,-1
2025-01,Bihar,Samastipur,404578726,4752.0,48987.0,67571.0,71232.0,138803.0,53739.0,2.582861927800521,-1
2025-01,Bihar,Saran,514876158,4068.0,44389.0,41655.0,53944.0,95599.0,48457.0,1.972821825085641,-1
2025-01,Bihar,Sheikhpura,73818251,515.0,5540.0,9951.0,14503.0,24454.0,6055.0,4.0379788639365914,-1
2025-01,Bihar,Sheohar,60717121,829.0,8397.0,8800.0,12717.0,21517.0,9226.0,2.3319605505581444,-1
2025-01,Bihar,Sitamarhi,258896809,4146.0,49770.0,59967.0,62781.0,122748.0,53916.0,2.276610345531094,-1
2025-01,Bihar,Siwan,442544154,2934.0,29679.0,35595.0,44729.0,80324.0,32613.0,2.4628687066903785,-1
2025-01,Bihar,Supaul,235909823,1811.0,31562.0,32269.0,42662.0,74931.0,33373.0,2.2451908671420866,-1
2025-01,Bihar,Vaishali,350304072,3917.0,41740.0,50010.0,63650.0,113660.0,45657.0,2.4893775461036403,-1
2025-01,Bihar,West Champaran,183433995,4684.0,47042.0,51963.0,57983.0,109946.0,51726.0,2.1255050553869355,-1
2025-01,Chandigarh,Chandigarh,44150683,10537.0,46476.0,41585.0,17959.0,59544.0,57013.0,1.0443750657733188,-1
2025-01,Chhattisgarh,Balod,69780738,3180.0,29303.0,9965.0,36821.0,46786.0,32483.0,1.4402782908508804,-1
2025-01,Chhattisgarh,Baloda Bazar,107532675,2964.0,48071.0,18863.0,61704.0,80567.0,51035.0,1.5786307704365545,-1
2025-01,Chhattisgarh,Balrampur,43253239,1795.0,32074.0,6731.0,20908.0,27639.0,33869.0,0.8160318866253321,-1
2025-01,Chhattisgarh,Bastar,64739212,3118.0,27364.0,10026.0,41286.0,51312.0,30482.0,1.6832988879047337,-1
2025-01,Chhattisgarh,Bemetara,52076834,1540.0,25632.0,12701.0,53565.0,66266.0,27172.0,2.4386707393368416,-1
2025-01,Chhattisgarh,Bijapur,33622353,306.0,3505.0,6395.0,10564.0,16959.0,3811.0,4.448845750262329,-1
2025-01,Chhattisgarh,Bilaspur,141640497,6091.0,71316.0,23498.0,85387.0,108885.0,77407.0,1.40663755684167,-1
2025-01,Chhattisgarh,Dakshin Bastar Dantewada,40051356,381.0,862.0,3891.0,12496.0,16387.0,1243.0,13.17282958199357,-1
2025-01,Chhattisgarh,Dantewada,27197815,171.0,283.0,2437.0,9076.0,11513.0,454.0,25.303296703296702,-1
2025-01,Chhattisgarh,Dhamtari,64179143,1252.0,20462.0,8782.0,43201.0,51983.0,21714.0,2.3938752014736355,-1
2025-01,Chhattisgarh,Durg,147176835,5811.0,33869.0,22819.0,73326.0,96145.0,39680.0,2.422948010382803,-1
2025-01,Chhattisgarh,Gariyaband,77522992,150.0,5772.0,5466.0,21483.0,26949.0,5922.0,4.549890258315043,-1
2025-01,Chhattisgarh,Janjgir-champa,121925371,3351.0,52046.0,20752.0,84042.0,104794.0,55397.0,1.8916567385104155,-1
2025-01,Chhattisgarh,Jashpur,89821287,3927.0,31114.0,9753.0,29954.0,39707.0,35041.0,1.1331259631299584,-1
2025-01,Chhattisgarh,Kabeerdham,22618095,1642.0,14935.0,4781.0,10926.0,15707.0,16577.0,0.9474604898057667,-1
2025-01,Chhattisgarh,Kanker,77148784,773.0,6669.0,6559.0,21339.0,27898.0,7442.0,3.7482198038425367,-1
2025-01,Chhattisgarh,Kawardha,26059780,1788.0,32677.0,7637.0,24835.0,32472.0,34465.0,0.942145882899089,-1
2025-01,Chhattisgarh,Kondagaon,37070297,1677.0,33769.0,5766.0,26223.0,31989.0,35446.0,0.9024459051541739,-1
2025-01,Chhattisgarh,Korba,108521441,4042.0,46448.0,18921.0,44517.0,63438.0,50490.0,1.2564219365827574,-1
2025-01,Chhattisgarh,Koriya,74622116,816.0,10213.0,8157.0,27266.0,35423.0,11029.0,3.2115140525838624,-1
2025-01,Chhattisgarh,Mahasamund,46868046,5753.0,89740.0,12505.0,50902.0,63407.0,95493.0,0.6639893605880998,-1
2025-01,Chhattisgarh,ManendragarhChirmiriBharatpur,1492347,0.0,0.0,44.0,268.0,312.0,0.0,312.0,-1
2025-01,Chhattisgarh,Mungeli,42587777,1930.0,37579.0,9777.0,32639.0,42416.0,39509.0,1.0735509997468995,-1
2025-01,Chhattisgarh,Narayanpur,6925254,1358.0,10906.0,3078.0,10584.0,13662.0,12264.0,1.1139013452914799,-1
2025-01,Chhattisgarh,Raigarh,102233973,2662.0,27349.0,15422.0,73504.0,88926.0,30011.0,2.9630147940823672,-1
2025-01,Chhattisgarh,Raipur,204480342,7612.0,75330.0,23483.0,86783.0,110266.0,82942.0,1.3294189985893927,-1
2025-01,Chhattisgarh,Rajnandgaon,86031163,5843.0,89178.0,20160.0,72313.0,92473.0,95021.0,0.9731746332428279,-1
2025-01,Chhattisgarh,Sukma,22235199,275.0,1593.0,5638.0,10295.0,15933.0,1868.0,8.524879614767256,-1
2025-01,Chhattisgarh,Surajpur,62151689,773.0,10187.0,7434.0,30591.0,38025.0,10960.0,3.469117781224341,-1
2025-01,Chhattisgarh,Surguja,75062613,4838.0,52710.0,9628.0,33503.0,43131.0,57548.0,0.749465672731064,-1
2025-01,Chhattisgarh,Uttar Bastar Kanker,65770867,150.0,1536.0,2343.0,14197.0,16540.0,1686.0,9.804386484884411,-1
2025-01,Dadra & Nagar Haveli,Dadra & Nagar Haveli,3169803,0.0,2.0,30.0,248.0,278.0,2.0,92.66666666666667,-1
2025-01,Dadra and Nagar Haveli,Dadra and Nagar Haveli,17037717,226.0,1612.0,6100.0,11083.0,17183.0,1838.0,9.343665035345296,-1
2025-01,Dadra and Nagar Haveli and Daman and Diu,Dadra and Nagar Haveli,5547198,4.0,33.0,446.0,1196.0,1642.0,37.0,43.21052631578947,-1
2025-01,Daman & Diu,Daman,8716720,2.0,21.0,250.0,720.0,970.0,23.0,40.416666666666664,-1
2025-01,Daman & Diu,Diu,4713090,0.0,2.0,85.0,345.0,430.0,2.0,143.33333333333334,-1
2025-01,Daman and Diu,Daman,11886440,20.0,205.0,1464.0,1037.0,2501.0,225.0,11.06637168141593,-1
2025-01,Daman and Diu,Diu,9063590,3.0,1.0,1071.0,693.0,1764.0,4.0,352.8,-1
2025-01,Delhi,Central Delhi,12432035,2874.0,30156.0,16450.0,22366.0,38816.0,33030.0,1.175138506251703,-1
2025-01,Delhi,East Delhi,14859530,20762.0,124366.0,37101.0,51700.0,88801.0,145128.0,0.6118763307126763,-1
2025-01,Delhi,Najafgarh,770301,0.0,3.0,38.0,556.0,594.0,3.0,148.5,-1
2025-01,Delhi,North Delhi,6932483,7284.0,60045.0,17120.0,25282.0,42402.0,67329.0,0.6297638496955295,-1
2025-01,Delhi,North East,3742735,37.0,3293.0,1680.0,34292.0,35972.0,3330.0,10.799159411588112,-1
2025-01,Delhi,North East Delhi,6934583,20543.0,84751.0,52716.0,46267.0,98983.0,105294.0,0.9400541336245786,-1
2025-01,Delhi,North West Delhi,27734387,30477.0,202196.0,90935.0,144654.0,235589.0,232673.0,1.0125282584216544,-1
2025-01,Delhi,Shahdara,6494135,3855.0,16758.0,2155.0,4060.0,6215.0,20613.0,0.3014941302027748,-1
2025-01,Delhi,South Delhi,29821241,15338.0,136002.0,69571.0,96811.0,166382.0,151340.0,1.0993848329269662,-1
2025-01,Delhi,South East Delhi,1210275,5.0,35.0,202.0,254.0,456.0,40.0,11.121951219512194,-1
2025-01,Delhi,South West Delhi,35215852,13921.0,102833.0,46697.0,56726.0,103423.0,116754.0,0.8858121707849771,-1
2025-01,Delhi,West Delhi,16947009,20006.0,152163.0,49908.0,79533.0,129441.0,172169.0,0.7518208747168497,-1
2025-01,Goa,North Goa,172230224,695.0,3963.0,9605.0,13146.0,22751.0,4658.0,4.883236746082851,-1
2025-01,Goa,South Goa,142909157,616.0,3165.0,9599.0,10726.0,20325.0,3781.0,5.374140666314119,-1
2025-01,Gujarat,Ahmadabad,85697893,4.0,176.0,530.0,7633.0,8163.0,180.0,45.09944751381215,-1
2025-01,Gujarat,Ahmedabad,355609101,16733.0,115604.0,115430.0,174200.0,289630.0,132337.0,2.1885626199579864,-1
2025-01,Gujarat,Amreli,141353528,1163.0,7876.0,24674.0,24042.0,48716.0,9039.0,5.388938053097345,-1
2025-01,Gujarat,Anand,264386685,1048.0,12083.0,36564.0,45943.0,82507.0,13131.0,6.2828967407858665,-1
2025-01,Gujarat,Arvalli,80111078,761.0,1488.0,13483.0,7192.0,20675.0,2249.0,9.188888888888888,-1
2025-01,Gujarat,Banas Kantha,7321376,0.0,10.0,13.0,125.0,138.0,10.0,12.545454545454545,-1
2025-01,Gujarat,Banaskantha,128336302,5080.0,24419.0,48483.0,52089.0,100572.0,29499.0,3.409220338983051,-1
2025-01,Gujarat,Bharuch,173118165,3695.0,20545.0,25366.0,27238.0,52604.0,24240.0,2.170042489996287,-1
2025-01,Gujarat,Bhavnagar,178877341,2703.0,17527.0,48203.0,55269.0,103472.0,20230.0,5.114527210716227,-1
2025-01,Gujarat,Botad,52553981,742.0,2103.0,7587.0,4338.0,11925.0,2845.0,4.190091356289529,-1
2025-01,Gujarat,Chhotaudepur,64936007,772.0,2649.0,14243.0,11260.0,25503.0,3421.0,7.4526592635885445,-1
2025-01,Gujarat,Dahod,66940849,2202.0,12521.0,44823.0,38619.0,83442.0,14723.0,5.6670741646291765,-1
2025-01,Gujarat,Devbhumi Dwarka,58504286,196.0,1661.0,12022.0,5723.0,17745.0,1857.0,9.550592034445641,-1
2025-01,Gujarat,Dohad,40084864,52.0,1106.0,1649.0,9146.0,10795.0,1158.0,9.314063848144952,-1
2025-01,Gujarat,Gandhinagar,164033751,4367.0,33793.0,25817.0,31740.0,57557.0,38160.0,1.5082676030502344,-1
2025-01,Gujarat,Gir Somnath,68859942,1158.0,3017.0,15234.0,9526.0,24760.0,4175.0,5.92911877394636,-1
2025-01,Gujarat,Jamnagar,183431048,1621.0,14474.0,29415.0,28953.0,58368.0,16095.0,3.6262425447316105,-1
2025-01,Gujarat,Junagadh,196397770,1728.0,10045.0,22556.0,48404.0,70960.0,11773.0,6.026838797350093,-1
2025-01,Gujarat,Kachchh,213712311,4299.0,27557.0,50700.0,40962.0,91662.0,31856.0,2.8772954138807796,-1
2025-01,Gujarat,Kheda,222856712,3183.0,18030.0,36845.0,47243.0,84088.0,21213.0,3.9637974922221173,-1
2025-01,Gujarat,Mahesana,202201015,3502.0,19268.0,31070.0,40218.0,71288.0,22770.0,3.1306486320319706,-1
2025-01,Gujarat,Mahisagar,62623834,250.0,1825.0,12400.0,8914.0,21314.0,2075.0,10.266859344894026,-1
2025-01,Gujarat,Morbi,43616536,1877.0,9776.0,16203.0,7720.0,23923.0,11653.0,2.052771580573194,-1
2025-01,Gujarat,Narmada,53029288,1607.0,5763.0,11718.0,17995.0,29713.0,7370.0,4.031067697734365,-1
2025-01,Gujarat,Navsari,159745173,2904.0,8798.0,15886.0,14732.0,30618.0,11702.0,2.616252243014612,-1
2025-01,Gujarat,Panchmahals,120261830,939.0,7368.0,23998.0,43135.0,67133.0,8307.0,8.080524795377949,-1
2025-01,Gujarat,Patan,91492408,1158.0,7849.0,24909.0,27202.0,52111.0,9007.0,5.78496891651865,-1
2025-01,Gujarat,Porbandar,54148547,860.0,3568.0,11203.0,12787.0,23990.0,4428.0,5.4165725897493795,-1
2025-01,Gujarat,Rajkot,200007514,6094.0,71628.0,58220.0,64816.0,123036.0,77722.0,1.5830063173063316,-1
2025-01,Gujarat,Sabarkantha,193175775,2864.0,11489.0,27599.0,36025.0,63624.0,14353.0,4.4324926849658635,-1
2025-01,Gujarat,Surat,320335727,22222.0,190785.0,91604.0,101568.0,193172.0,213007.0,0.9068767370239615,-1
2025-01,Gujarat,Surendra Nagar,133562168,1925.0,14304.0,34646.0,37237.0,71883.0,16229.0,4.42902033271719,-1
2025-01,Gujarat,Tapi,89549935,1142.0,3243.0,10525.0,16732.0,27257.0,4385.0,6.214546283629731,-1
2025-01,Gujarat,The Dangs,23288361,915.0,2127.0,10058.0,11514.0,21572.0,3042.0,7.089056851790995,-1
2025-01,Gujarat,Vadodara,319795786,3921.0,31312.0,47685.0,92462.0,140147.0,35233.0,3.9776068570131122,-1
2025-01,Gujarat,Valsad,152512010,5111.0,18995.0,26684.0,31588.0,58272.0,24106.0,2.4172232131745965,-1
2025-01,Haryana,Ambala,28830306,2130.0,13899.0,17634.0,31992.0,49626.0,16029.0,3.0958203368683717,-1
2025-01,Haryana,Bhiwani,40292992,1850.0,13068.0,23557.0,40504.0,64061.0,14918.0,4.293920504055231,-1
2025-01,Haryana,Faridabad,22993835,13864.0,92130.0,33679.0,40198.0,73877.0,105994.0,0.6969857068729657,-1
2025-01,Haryana,Fatehabad,18262378,3024.0,24382.0,18632.0,25815.0,44447.0,27406.0,1.6217389717955266,-1
2025-01,Haryana,Gurgaon,38362513,8137.0,62673.0,19950.0,24153.0,44103.0,70810.0,0.6228269619126972,-1
2025-01,Haryana,Hisar,27512574,3819.0,32688.0,32770.0,41970.0,74740.0,36507.0,2.047222526569519,-1
2025-01,Haryana,Jhajjar,26215836,2180.0,15553.0,14967.0,21349.0,36316.0,17733.0,2.0478177512123605,-1
2025-01,Haryana,Jind,18917247,3196.0,24124.0,20508.0,36609.0,57117.0,27320.0,2.0905896563083344,-1
2025-01,Haryana,Kaithal,19861768,3163.0,22944.0,22075.0,32024.0,54099.0,26107.0,2.072123487053777,-1
2025-01,Haryana,Karnal,26411872,4231.0,26634.0,19109.0,40974.0,60083.0,30865.0,1.9465755199896326,-1
2025-01,Haryana,Kurukshetra,20008993,2047.0,14063.0,14516.0,31113.0,45629.0,16110.0,2.832164359754205,-1
2025-01,Haryana,Mahendragarh,12794383,1631.0,13809.0,10680.0,18052.0,28732.0,15440.0,1.8607603134512014,-1
2025-01,Haryana,Mewat,10509530,4035.0,34120.0,16978.0,16737.0,33715.0,38155.0,0.8836093930181361,-1
2025-01,Haryana,Palwal,10656081,4862.0,38861.0,16100.0,17064.0,33164.0,43723.0,0.7584850425395664,-1
2025-01,Haryana,Panchkula,27208662,3754.0,17088.0,11941.0,13763.0,25704.0,20842.0,1.233219786019287,-1
2025-01,Haryana,Panipat,19816886,6672.0,39511.0,19709.0,31600.0,51309.0,46183.0,1.1109691668110169,-1
2025-01,Haryana,Rewari,22657248,3814.0,21349.0,14717.0,16117.0,30834.0,25163.0,1.2253218884120172,-1
2025-01,Haryana,Rohtak,26096450,2279.0,12186.0,15795.0,35009.0,50804.0,14465.0,3.511959076455136,-1
2025-01,Haryana,Sirsa,22265966,3067.0,28298.0,25014.0,36229.0,61243.0,31365.0,1.9525282152649366,-1
2025-01,Haryana,Sonipat,35809453,4907.0,32481.0,20983.0,35002.0,55985.0,37388.0,1.4973655353178743,-1
2025-01,Haryana,Yamuna Nagar,25675961,3944.0,27014.0,20012.0,35609.0,55621.0,30958.0,1.7966019574275656,-1
2025-01,Haryana,Yamunanagar,1620014,2.0,7.0,59.0,347.0,406.0,9.0,40.6,-1
2025-01,Himachal Pradesh,Bilaspur,42116672,251.0,1545.0,4539.0,8481.0,13020.0,1796.0,7.245409015025042,-1
2025-01,Himachal Pradesh,Chamba,41784772,1120.0,4591.0,6668.0,12838.0,19506.0,5711.0,3.4149159663865545,-1
2025-01,Himachal Pradesh,Hamirpur,65289761,161.0,1250.0,5171.0,8257.0,13428.0,1411.0,9.509915014164307,-1
2025-01,Himachal Pradesh,Kangra,165155976,1089.0,8681.0,19979.0,31028.0,51007.0,9770.0,5.2202435779347045,-1
2025-01,Himachal Pradesh,Kinnaur,16694536,5.0,45.0,1016.0,1598.0,2614.0,50.0,51.254901960784316,-1
2025-01,Himachal Pradesh,Kullu,41143183,296.0,1633.0,5532.0,7115.0,12647.0,1929.0,6.5528497409326425,-1
2025-01,Himachal Pradesh,Lahul & Spiti,3134366,0.0,12.0,29.0,77.0,106.0,12.0,8.153846153846153,-1
2025-01,Himachal Pradesh,Lahul and Spiti,3472522,1.0,5.0,146.0,65.0,211.0,6.0,30.142857142857142,-1
2025-01,Himachal Pradesh,Mandi,95166225,770.0,3768.0,14704.0,23517.0,38221.0,4538.0,8.420577219651905,-1
2025-01,Himachal Pradesh,Shimla,80884282,429.0,3109.0,8839.0,13905.0,22744.0,3538.0,6.426674201751907,-1
2025-01,Himachal Pradesh,Sirmaur,27160464,1410.0,8980.0,9694.0,12151.0,21845.0,10390.0,2.1023000673659897,-1
2025-01,Himachal Pradesh,Solan,38287912,284.0,1747.0,8157.0,12161.0,20318.0,2031.0,9.999015748031496,-1
2025-01,Himachal Pradesh,Una,52606410,258.0,1723.0,7312.0,10819.0,18131.0,1981.0,9.147830474268416,-1
2025-01,Jammu and Kashmir,Anantnag,35170203,2755.0,15539.0,12198.0,14060.0,26258.0,18294.0,1.4352555342989888,-1
2025-01,Jammu and Kashmir,Badgam,13805818,342.0,4127.0,2647.0,6352.0,8999.0,4469.0,2.013199105145414,-1
2025-01,Jammu and Kashmir,Bandipore,11413209,1346.0,7496.0,5751.0,7028.0,12779.0,8842.0,1.4450978174827547,-1
2025-01,Jammu and Kashmir,Baramula,36712428,2707.0,16417.0,13779.0,23569.0,37348.0,19124.0,1.9528366013071896,-1
2025-01,Jammu and Kashmir,Budgam,18215847,4318.0,10126.0,10407.0,3570.0,13977.0,14444.0,0.967601246105919,-1
2025-01,Jammu and Kashmir,Doda,23136819,425.0,3493.0,10154.0,11186.0,21340.0,3918.0,5.445266649655524,-1
2025-01,Jammu and Kashmir,Ganderbal,10711692,435.0,2880.0,3184.0,4709.0,7893.0,3315.0,2.3802774427020505,-1
2025-01,Jammu and Kashmir,Jammu,80742383,1079.0,11608.0,20249.0,36673.0,56922.0,12687.0,4.486286254728878,-1
2025-01,Jammu and Kashmir,Kathua,36091528,875.0,8680.0,12375.0,12090.0,24465.0,9555.0,2.5601716199246547,-1
2025-01,Jammu and Kashmir,Kishtwar,7470365,614.0,2572.0,7551.0,7075.0,14626.0,3186.0,4.589268904926263,-1
2025-01,Jammu and Kashmir,Kulgam,8457053,1386.0,6457.0,8246.0,8952.0,17198.0,7843.0,2.1925038245792963,-1
2025-01,Jammu and Kashmir,Kupwara,17778027,5185.0,25375.0,14657.0,17644.0,32301.0,30560.0,1.056935309708452,-1
2025-01,Jammu and Kashmir,Pulwama,24010557,1953.0,10676.0,6400.0,8127.0,14527.0,12629.0,1.1501979414093428,-1
2025-01,Jammu and Kashmir,Punch,9810754,2432.0,12823.0,11514.0,14486.0,26000.0,15255.0,1.7042475091767173,-1
2025-01,Jammu and Kashmir,Rajouri,27960721,906.0,4774.0,13252.0,17481.0,30733.0,5680.0,5.409787009329343,-1
2025-01,Jammu and Kashmir,Ramban,11110854,724.0,2633.0,8055.0,5715.0,13770.0,3357.0,4.100655151876117,-1
2025-01,Jammu and Kashmir,Reasi,15526606,474.0,3057.0,7900.0,7797.0,15697.0,3531.0,4.444224235560589,-1
2025-01,Jammu and Kashmir,Shupiyan,2692242,1044.0,3492.0,4713.0,4834.0,9547.0,4536.0,2.104253912276835,-1
2025-01,Jammu and Kashmir,Srinagar,54221030,1383.0,13203.0,10977.0,24603.0,35580.0,14586.0,2.439158154521149,-1
2025-01,Jammu and Kashmir,Udhampur,31013343,652.0,7373.0,14173.0,15909.0,30082.0,8025.0,3.7480687764764515,-1
2025-01,Jharkhand,Bokaro,313794134,830.0,32086.0,29872.0,43860.0,73732.0,32916.0,2.239936810766473,-1
2025-01,Jharkhand,Chatra,66852924,938.0,17167.0,21066.0,23429.0,44495.0,18105.0,2.4574726609963546,-1
2025-01,Jharkhand,Deoghar,144148292,954.0,27093.0,22527.0,23711.0,46238.0,28047.0,1.648531089560753,-1
2025-01,Jharkhand,Dhanbad,433887732,1682.0,53301.0,37679.0,71074.0,108753.0,54983.0,1.9779026625927543,-1
2025-01,Jharkhand,Dumka,186499722,1137.0,25006.0,26657.0,28073.0,54730.0,26143.0,2.093405752753978,-1
2025-01,Jharkhand,East Singhbhum,247794848,1263.0,21771.0,42608.0,53248.0,95856.0,23034.0,4.161319730844367,-1
2025-01,Jharkhand,Garhwa,98654703,518.0,10398.0,29132.0,39333.0,68465.0,10916.0,6.271411559952368,-1
2025-01,Jharkhand,Garhwa *,19730890,3.0,141.0,385.0,3214.0,3599.0,144.0,24.820689655172412,-1
2025-01,Jharkhand,Giridih,178733509,2763.0,67267.0,37265.0,39887.0,77152.0,70030.0,1.1016835401465066,-1
2025-01,Jharkhand,Godda,102595710,772.0,18921.0,30810.0,25310.0,56120.0,19693.0,2.8495988625977455,-1
2025-01,Jharkhand,Gumla,166210837,633.0,11560.0,21268.0,37025.0,58293.0,12193.0,4.780465802853863,-1
2025-01,Jharkhand,Hazaribagh,217199372,1590.0,28689.0,26761.0,24911.0,51672.0,30279.0,1.7064729194187582,-1
2025-01,Jharkhand,Jamtara,57061739,366.0,12639.0,12411.0,15114.0,27525.0,13005.0,2.1163309241888357,-1
2025-01,Jharkhand,Khunti,78499966,428.0,8165.0,10538.0,17884.0,28422.0,8593.0,3.3071910635326973,-1
2025-01,Jharkhand,Koderma,72628370,368.0,12524.0,12579.0,14966.0,27545.0,12892.0,2.1364306212673543,-1
2025-01,Jharkhand,Latehar,84316726,706.0,13438.0,15793.0,14138.0,29931.0,14144.0,2.116012725344645,-1
2025-01,Jharkhand,Lohardaga,65985387,380.0,6580.0,9956.0,18643.0,28599.0,6960.0,4.108461427955754,-1
2025-01,Jharkhand,Pakur,71789439,1110.0,23730.0,16730.0,12455.0,29185.0,24840.0,1.1748721871100196,-1
2025-01,Jharkhand,Palamu,166067762,3050.0,55198.0,38855.0,39302.0,78157.0,58248.0,1.3417741077100036,-1
2025-01,Jharkhand,Pashchimi Singhbhum,36670179,46.0,2710.0,2811.0,7304.0,10115.0,2756.0,3.6688429452303226,-1
2025-01,Jharkhand,Purbi Singhbhum,144622930,3.0,223.0,3244.0,11438.0,14682.0,226.0,64.6784140969163,-1
2025-01,Jharkhand,Ramgarh,204566456,721.0,15194.0,12087.0,13152.0,25239.0,15915.0,1.5857627544609199,-1
2025-01,Jharkhand,Ranchi,304455371,3289.0,46569.0,43943.0,86783.0,130726.0,49858.0,2.6219137969072785,-1
2025-01,Jharkhand,Sahebganj,107697576,1199.0,23930.0,25408.0,19250.0,44658.0,25129.0,1.7770791882212496,-1
2025-01,Jharkhand,Seraikela-Kharsawan,133162432,468.0,9167.0,20292.0,23334.0,43626.0,9635.0,4.527397260273973,-1
2025-01,Jharkhand,Seraikela-kharsawan,88240480,10.0,292.0,2057.0,7666.0,9723.0,302.0,32.08910891089109,-1
2025-01,Jharkhand,Simdega,66817544,509.0,9772.0,15059.0,31144.0,46203.0,10281.0,4.49358101536666,-1
2025-01,Jharkhand,West Singhbhum,167467984,893.0,16427.0,44945.0,49422.0,94367.0,17320.0,5.448126551584782,-1
2025-01,Karnataka,Bagalkot,255981965,8953.0,15480.0,26632.0,24124.0,50756.0,24433.0,2.07726937873455,-1
2025-01,Karnataka,Ballari,242006235,3283.0,11940.0,16402.0,8216.0,24618.0,15223.0,1.6170520231213872,-1
2025-01,Karnataka,Bangalore,588220316,850.0,9549.0,33651.0,100769.0,134420.0,10399.0,12.925,-1
2025-01,Karnataka,Bangalore Rural,104456878,3762.0,25442.0,11816.0,11864.0,23680.0,29204.0,0.8108200650573532,-1
2025-01,Karnataka,Belagavi,625962891,7841.0,17181.0,31310.0,18475.0,49785.0,25022.0,1.9895695959717061,-1
2025-01,Karnataka,Belgaum,660841141,6896.0,13723.0,27983.0,43715.0,71698.0,20619.0,3.477109602327837,-1
2025-01,Karnataka,Bellary,256005366,1250.0,6261.0,19553.0,23897.0,43450.0,7511.0,5.784078807241746,-1
2025-01,Karnataka,Bengaluru,714272036,23110.0,148890.0,91161.0,108260.0,199421.0,172000.0,1.159417677804199,-1
2025-01,Karnataka,Bidar,163319885,2757.0,15432.0,21738.0,25675.0,47413.0,18189.0,2.6065420560747663,-1
2025-01,Karnataka,Bijapur,273738950,2973.0,7068.0,12915.0,22054.0,34969.0,10041.0,3.4822744473212506,-1
2025-01,Karnataka,Chamarajanagar,21710875,1.0,27.0,168.0,647.0,815.0,28.0,28.103448275862068,-1
2025-01,Karnataka,Chamrajanagar,115970533,1031.0,4484.0,8543.0,8169.0,16712.0,5515.0,3.0297316896301667,-1
2025-01,Karnataka,Chickmagalur,182962530,197.0,1751.0,4602.0,9438.0,14040.0,1948.0,7.203694202154951,-1
2025-01,Karnataka,Chikkaballapur,123651910,2136.0,15050.0,14046.0,13091.0,27137.0,17186.0,1.5789259323907605,-1
2025-01,Karnataka,Chikkamagaluru,158729083,928.0,3948.0,6205.0,3929.0,10134.0,4876.0,2.077916752101702,-1
2025-01,Karnataka,Chikmagalur,15584121,2.0,16.0,111.0,533.0,644.0,18.0,33.89473684210526,-1
2025-01,Karnataka,Chitradurga,241982278,3223.0,19496.0,19184.0,20184.0,39368.0,22719.0,1.7327464788732394,-1
2025-01,Karnataka,Dakshina Kannada,531934516,2973.0,16502.0,23780.0,26420.0,50200.0,19475.0,2.5775313205997126,-1
2025-01,Karnataka,Davanagere,72308158,63.0,358.0,494.0,2293.0,2787.0,421.0,6.604265402843602,-1
2025-01,Karnataka,Davangere,246863286,2876.0,11757.0,27825.0,33643.0,61468.0,14633.0,4.200355336886703,-1
2025-01,Karnataka,Dharwad,243211305,8110.0,21692.0,28515.0,32430.0,60945.0,29802.0,2.044928362916485,-1
2025-01,Karnataka,Gadag,143206089,5155.0,8005.0,15978.0,11357.0,27335.0,13160.0,2.076969835118912,-1
2025-01,Karnataka,Gulbarga,222981023,603.0,3909.0,13036.0,26177.0,39213.0,4512.0,8.688898736982052,-1
2025-01,Karnataka,Hasan,137556900,40.0,417.0,1190.0,3513.0,4703.0,457.0,10.268558951965066,-1
2025-01,Karnataka,Hassan,287149676,3560.0,17619.0,18084.0,13270.0,31354.0,21179.0,1.4803588290840415,-1
2025-01,Karnataka,Haveri,187132619,10738.0,25108.0,24880.0,23644.0,48524.0,35846.0,1.3536418668228862,-1
2025-01,Karnataka,Kalaburagi,244048748,5273.0,17919.0,27750.0,17119.0,44869.0,23192.0,1.9345923338938473,-1
2025-01,Karnataka,Kodagu,128554366,336.0,2563.0,5929.0,6029.0,11958.0,2899.0,4.123448275862069,-1
2025-01,Karnataka,Kolar,174569865,3449.0,21430.0,19847.0,21751.0,41598.0,24879.0,1.6719453376205788,-1
2025-01,Karnataka,Koppal,132406406,5025.0,17219.0,21634.0,16817.0,38451.0,22244.0,1.7285232636547538,-1
2025-01,Karnataka,Mandya,239448429,2161.0,16042.0,20281.0,22630.0,42911.0,18203.0,2.357229180399912,-1
2025-01,Karnataka,Mysore,285401537,367.0,3193.0,9992.0,23400.0,33392.0,3560.0,9.377141252457175,-1
2025-01,Karnataka,Mysuru,338978736,2651.0,15701.0,19158.0,16298.0,35456.0,18352.0,1.9318912439383207,-1
2025-01,Karnataka,Raichur,188090202,3587.0,17125.0,33635.0,33384.0,67019.0,20712.0,3.2356008303963693,-1
2025-01,Karnataka,Ramanagar,104011726,2223.0,16890.0,12627.0,13651.0,26278.0,19113.0,1.374803808726588,-1
2025-01,Karnataka,Shimoga,202064381,349.0,2637.0,4794.0,11697.0,16491.0,2986.0,5.520924004017409,-1
2025-01,Karnataka,Shivamogga,259222149,2594.0,9479.0,13981.0,7988.0,21969.0,12073.0,1.8195295676660592,-1
2025-01,Karnataka,Tumakuru,316290000,2385.0,10674.0,16899.0,11590.0,28489.0,13059.0,2.181393568147014,-1
2025-01,Karnataka,Tumkur,310557854,956.0,6222.0,12571.0,27322.0,39893.0,7178.0,5.55690207549798,-1
2025-01,Karnataka,Udupi,345356284,1228.0,7372.0,12618.0,9096.0,21714.0,8600.0,2.5245901639344264,-1
2025-01,Karnataka,Uttara Kannada,366829495,2112.0,9429.0,14552.0,12609.0,27161.0,11541.0,2.353231675619477,-1
2025-01,Karnataka,Vijayanagara,114302070,1052.0,4788.0,4469.0,11467.0,15936.0,5840.0,2.7282999486389317,-1
2025-01,Karnataka,Vijayapura,259081885,5434.0,7907.0,22540.0,11877.0,34417.0,13341.0,2.5795982611302652,-1
2025-01,Karnataka,Yadgir,142803027,3565.0,11994.0,21874.0,18069.0,39943.0,15559.0,2.5670308483290487,-1
2025-01,Karnataka,yadgir,39795772,10.0,62.0,452.0,1573.0,2025.0,72.0,27.73972602739726,-1
2025-01,Kerala,Alappuzha,703102997,304.0,3800.0,22966.0,36110.0,59076.0,4104.0,14.391230207064556,-1
2025-01,Kerala,Ernakulam,815891259,1108.0,11178.0,41372.0,59683.0,101055.0,12286.0,8.224546268413771,-1
2025-01,Kerala,Idukki,313313394,196.0,1916.0,12697.0,19173.0,31870.0,2112.0,15.082820634169428,-1
2025-01,Kerala,Kannur,619566686,868.0,7976.0,33966.0,43174.0,77140.0,8844.0,8.721311475409836,-1
2025-01,Kerala,Kasaragod,210124992,630.0,4971.0,26607.0,23070.0,49677.0,5601.0,8.867725812209924,-1
2025-01,Kerala,Kollam,754794573,795.0,7577.0,33982.0,52650.0,86632.0,8372.0,10.346590230502807,-1
2025-01,Kerala,Kottayam,726232723,204.0,2125.0,19784.0,31760.0,51544.0,2329.0,22.121888412017167,-1
2025-01,Kerala,Kozhikode,622853843,2099.0,17776.0,38519.0,55268.0,93787.0,19875.0,4.718605353189776,-1
2025-01,Kerala,Malappuram,707575273,2326.0,25450.0,67424.0,79458.0,146882.0,27776.0,5.2879000612017135,-1
2025-01,Kerala,Palakkad,852556021,684.0,6832.0,44428.0,66360.0,110788.0,7516.0,14.738326460023945,-1
2025-01,Kerala,Pathanamthitta,608286484,151.0,1256.0,13026.0,27069.0,40095.0,1407.0,28.4765625,-1
2025-01,Kerala,Thiruvananthapuram,833671944,1065.0,10584.0,37868.0,64480.0,102348.0,11649.0,8.785236051502146,-1
2025-01,Kerala,Thrissur,1040400479,747.0,6536.0,43027.0,54126.0,97153.0,7283.0,13.337863811092806,-1
2025-01,Kerala,Wayanad,137243593,473.0,4549.0,8870.0,15206.0,24076.0,5022.0,4.793151503085805,-1
2025-01,Lakshadweep,Lakshadweep,44366078,0.0,26.0,1294.0,1773.0,3067.0,26.0,113.5925925925926,-1
2025-01,Madhya Pradesh,Agar Malwa,35838368,482.0,4170.0,4337.0,6911.0,11248.0,4652.0,2.417365140769396,-1
2025-01,Madhya Pradesh,Alirajpur,38006355,538.0,7270.0,25543.0,19579.0,45122.0,7808.0,5.778204635676783,-1
2025-01,Madhya Pradesh,Anuppur,78954578,2417.0,12571.0,25566.0,28393.0,53959.0,14988.0,3.5999065981719927,-1
2025-01,Madhya Pradesh,Ashok Nagar,51127807,4217.0,26329.0,36921.0,20708.0,57629.0,30546.0,1.88656823910695,-1
2025-01,Madhya Pradesh,Balaghat,134752704,9827.0,46523.0,44322.0,40444.0,84766.0,56350.0,1.5042501464037905,-1
2025-01,Madhya Pradesh,Barwani,55546470,9120.0,48872.0,61811.0,50159.0,111970.0,57992.0,1.9307502629627713,-1
2025-01,Madhya Pradesh,Betul,115115501,5783.0,20517.0,47250.0,60434.0,107684.0,26300.0,4.094292992661876,-1
2025-01,Madhya Pradesh,Bhind,110740537,4098.0,24832.0,36723.0,18832.0,55555.0,28930.0,1.920258546196122,-1
2025-01,Madhya Pradesh,Bhopal,181144804,6145.0,46680.0,61283.0,62573.0,123856.0,52825.0,2.344603036383599,-1
2025-01,Madhya Pradesh,Burhanpur,24320911,1691.0,6895.0,24072.0,29529.0,53601.0,8586.0,6.242110166530803,-1
2025-01,Madhya Pradesh,Chhatarpur,107935086,6264.0,35967.0,69179.0,48969.0,118148.0,42231.0,2.7975942413335857,-1
2025-01,Madhya Pradesh,Chhindwara,165523816,12895.0,48628.0,42177.0,52494.0,94671.0,61523.0,1.538765359859567,-1
2025-01,Madhya Pradesh,Damoh,72961309,4460.0,28866.0,61684.0,44102.0,105786.0,33326.0,3.1741830947880096,-1
2025-01,Madhya Pradesh,Datia,44706983,2518.0,14966.0,21037.0,12624.0,33661.0,17484.0,1.925135830712039,-1
2025-01,Madhya Pradesh,Dewas,69199821,3361.0,26391.0,38896.0,41840.0,80736.0,29752.0,2.713541491614291,-1
2025-01,Madhya Pradesh,Dhar,96783238,8302.0,43292.0,61959.0,49509.0,111468.0,51594.0,2.1604419032852022,-1
2025-01,Madhya Pradesh,Dindori,54931323,7005.0,29052.0,25969.0,21602.0,47571.0,36057.0,1.3192911420489213,-1
2025-01,Madhya Pradesh,East Nimar,69815610,398.0,2633.0,7579.0,20408.0,27987.0,3031.0,9.230540897097626,-1
2025-01,Madhya Pradesh,Guna,82808369,3329.0,29213.0,67058.0,35893.0,102951.0,32542.0,3.1635374734966044,-1
2025-01,Madhya Pradesh,Gwalior,102944412,5659.0,37131.0,48882.0,39764.0,88646.0,42790.0,2.071603841929378,-1
2025-01,Madhya Pradesh,Harda,17991464,1048.0,5275.0,14649.0,13185.0,27834.0,6323.0,4.401328273244782,-1
2025-01,Madhya Pradesh,Harda *,25373396,77.0,739.0,1398.0,5543.0,6941.0,816.0,8.495716034271727,-1
2025-01,Madhya Pradesh,Hoshangabad,74290552,630.0,3130.0,34238.0,35481.0,69719.0,3760.0,18.537357085881414,-1
2025-01,Madhya Pradesh,Indore,167469353,15539.0,105888.0,68920.0,71541.0,140461.0,121427.0,1.1567430905557203,-1
2025-01,Madhya Pradesh,Jabalpur,142827369,5221.0,46598.0,52211.0,44565.0,96776.0,51819.0,1.8675414897722886,-1
2025-01,Madhya Pradesh,Jhabua,45780647,1110.0,13594.0,38390.0,26691.0,65081.0,14704.0,4.425773546412785,-1
2025-01,Madhya Pradesh,Katni,71562683,3861.0,25547.0,29177.0,30512.0,59689.0,29408.0,2.0296167839776937,-1
2025-01,Madhya Pradesh,Khandwa,82871056,2910.0,7066.0,27455.0,15546.0,43001.0,9976.0,4.310013029968928,-1
2025-01,Madhya Pradesh,Khargone,93398961,2893.0,16627.0,65300.0,62497.0,127797.0,19520.0,6.54664207776241,-1
2025-01,Madhya Pradesh,Mandla,92019820,8057.0,30403.0,27196.0,19623.0,46819.0,38460.0,1.217311042354593,-1
2025-01,Madhya Pradesh,Mandsaur,99056314,7234.0,26248.0,36993.0,32699.0,69692.0,33482.0,2.081414449123436,-1
2025-01,Madhya Pradesh,Morena,68100894,10010.0,62743.0,74940.0,34545.0,109485.0,72753.0,1.5048657118508948,-1
2025-01,Madhya Pradesh,Narsimhapur,58489211,38.0,655.0,1417.0,4793.0,6210.0,693.0,8.948126801152737,-1
2025-01,Madhya Pradesh,Narsinghpur,87243751,2052.0,11449.0,24549.0,16853.0,41402.0,13501.0,3.0663605391793807,-1
2025-01,Madhya Pradesh,Neemuch,76533095,3080.0,19272.0,25931.0,15775.0,41706.0,22352.0,1.8657898268688766,-1
2025-01,Madhya Pradesh,Pandhurna,9604861,1.0,12.0,24.0,84.0,108.0,13.0,7.714285714285714,-1
2025-01,Madhya Pradesh,Panna,68841198,2561.0,20487.0,43455.0,31930.0,75385.0,23048.0,3.2706408087118746,-1
2025-01,Madhya Pradesh,Raisen,101278725,3464.0,18577.0,53199.0,31404.0,84603.0,22041.0,3.8382633154886125,-1
2025-01,Madhya Pradesh,Rajgarh,82425465,4429.0,18472.0,67606.0,60732.0,128338.0,22901.0,5.603790062003318,-1
2025-01,Madhya Pradesh,Ratlam,77736609,8346.0,48466.0,49206.0,36746.0,85952.0,56812.0,1.5128931758576383,-1
2025-01,Madhya Pradesh,Rewa,166795426,3877.0,31342.0,93987.0,48072.0,142059.0,35219.0,4.033475298126064,-1
2025-01,Madhya Pradesh,Sagar,146226859,5710.0,45248.0,87195.0,55269.0,142464.0,50958.0,2.7956592554798956,-1
2025-01,Madhya Pradesh,Satna,149041575,7001.0,40797.0,67852.0,47573.0,115425.0,47798.0,2.4147994727923177,-1
2025-01,Madhya Pradesh,Sehore,101649385,2927.0,12798.0,41449.0,46429.0,87878.0,15725.0,5.588070710924583,-1
2025-01,Madhya Pradesh,Seoni,102429856,7588.0,41417.0,35155.0,27696.0,62851.0,49005.0,1.282516426560013,-1
2025-01,Madhya Pradesh,Shahdol,86225648,4437.0,28894.0,32902.0,33727.0,66629.0,33331.0,1.9989499579983199,-1
2025-01,Madhya Pradesh,Shajapur,108383686,2041.0,11593.0,51041.0,46667.0,97708.0,13634.0,7.165969930326366,-1
2025-01,Madhya Pradesh,Sheopur,28580328,3447.0,20777.0,26482.0,16759.0,43241.0,24224.0,1.7849742002063984,-1
2025-01,Madhya Pradesh,Shivpuri,99503440,3950.0,31717.0,77864.0,51527.0,129391.0,35667.0,3.627649433666031,-1
2025-01,Madhya Pradesh,Sidhi,55488793,3224.0,24443.0,66360.0,29831.0,96191.0,27667.0,3.4766155847910944,-1
2025-01,Madhya Pradesh,Singrauli,61828883,5264.0,25208.0,63501.0,22435.0,85936.0,30472.0,2.820070226101795,-1
2025-01,Madhya Pradesh,Tikamgarh,100585590,4718.0,20721.0,74446.0,52777.0,127223.0,25439.0,5.000904088050315,-1
2025-01,Madhya Pradesh,Ujjain,115918441,6019.0,36760.0,52567.0,41488.0,94055.0,42779.0,2.1985741000467507,-1
2025-01,Madhya Pradesh,Umaria,39248206,2404.0,15029.0,12853.0,11464.0,24317.0,17433.0,1.394803258001606,-1
2025-01,Madhya Pradesh,Vidisha,69163839,5765.0,22945.0,48912.0,36544.0,85456.0,28710.0,2.976420187384626,-1
2025-01,Madhya Pradesh,West Nimar,52779778,23.0,93.0,1891.0,4548.0,6439.0,116.0,55.034188034188034,-1
2025-01,Maharashtra,Ahmadnagar,398340269,1466.0,32505.0,59953.0,118056.0,178009.0,33971.0,5.239874013893795,-1
2025-01,Maharashtra,Ahmed Nagar,51739922,2.0,169.0,225.0,1349.0,1574.0,171.0,9.151162790697674,-1
2025-01,Maharashtra,Akola,133702610,764.0,11651.0,28253.0,79147.0,107400.0,12415.0,8.650128865979381,-1
2025-01,Maharashtra,Amravati,198787945,1926.0,18679.0,52283.0,143845.0,196128.0,20605.0,9.518004464719015,-1
2025-01,Maharashtra,Aurangabad,184611206,2743.0,32268.0,60510.0,117450.0,177960.0,35011.0,5.082828744430481,-1
2025-01,Maharashtra,Beed,126603030,3143.0,45706.0,53705.0,95337.0,149042.0,48849.0,3.0510133060388944,-1
2025-01,Maharashtra,Bhandara,99419077,368.0,7541.0,14404.0,41712.0,56116.0,7909.0,7.094310998735778,-1
2025-01,Maharashtra,Bid,30479823,2.0,318.0,114.0,3334.0,3448.0,320.0,10.741433021806854,-1
2025-01,Maharashtra,Buldana,65195685,6.0,826.0,955.0,14671.0,15626.0,832.0,18.75870348139256,-1
2025-01,Maharashtra,Buldhana,139713823,1063.0,15745.0,36823.0,70790.0,107613.0,16808.0,6.402106014635017,-1
2025-01,Maharashtra,Chandrapur,159199795,970.0,17606.0,34271.0,84562.0,118833.0,18576.0,6.3967809657102865,-1
2025-01,Maharashtra,Dhule,112954166,902.0,10027.0,41036.0,76894.0,117930.0,10929.0,10.78956999085087,-1
2025-01,Maharashtra,Gadchiroli,78721846,1035.0,10516.0,19347.0,47808.0,67155.0,11551.0,5.813279085872576,-1
2025-01,Maharashtra,Gondiya,62287956,1312.0,12500.0,18153.0,32250.0,50403.0,13812.0,3.6489538840222977,-1
2025-01,Maharashtra,Hingoli,46611950,417.0,11246.0,21137.0,42098.0,63235.0,11663.0,5.421382030178327,-1
2025-01,Maharashtra,Jalgaon,264739251,2192.0,26388.0,77944.0,162950.0,240894.0,28580.0,8.42846646373465,-1
2025-01,Maharashtra,Jalna,108244605,1015.0,13209.0,36073.0,70434.0,106507.0,14224.0,7.487311072056239,-1
2025-01,Maharashtra,Kolhapur,330871564,1087.0,17920.0,61974.0,96405.0,158379.0,19007.0,8.332228535353535,-1
2025-01,Maharashtra,Latur,100631026,2003.0,27956.0,44250.0,117632.0,161882.0,29959.0,5.403271028037383,-1
2025-01,Maharashtra,Mumbai,342876138,1385.0,24967.0,61687.0,166087.0,227774.0,26352.0,8.64319052859257,-1
2025-01,Maharashtra,Mumbai City,137606772,2191.0,20349.0,13153.0,13143.0,26296.0,22540.0,1.1665853333924847,-1
2025-01,Maharashtra,Mumbai Suburban,246044812,9796.0,82518.0,46841.0,49192.0,96033.0,92314.0,1.0402751448843632,-1
2025-01,Maharashtra,Mumbai( Sub Urban ),32006220,0.0,48.0,54.0,372.0,426.0,48.0,8.693877551020408,-1
2025-01,Maharashtra,Nagpur,305329810,4949.0,45099.0,61226.0,147210.0,208436.0,50048.0,4.1646386541189635,-1
2025-01,Maharashtra,Nanded,190387389,1380.0,27776.0,64611.0,131914.0,196525.0,29156.0,6.740233906094591,-1
2025-01,Maharashtra,Nandurbar,94868904,1616.0,14631.0,43015.0,81096.0,124111.0,16247.0,7.638540128015756,-1
2025-01,Maharashtra,Nashik,342283636,4650.0,51799.0,106521.0,206963.0,313484.0,56449.0,5.553303808680248,-1
2025-01,Maharashtra,Osmanabad,112897455,872.0,20319.0,36042.0,63048.0,99090.0,21191.0,4.675821064552661,-1
2025-01,Maharashtra,Palghar,159780651,2952.0,35977.0,44318.0,42709.0,87027.0,38929.0,2.2354739275622912,-1
2025-01,Maharashtra,Parbhani,82419857,790.0,16067.0,41521.0,67409.0,108930.0,16857.0,6.4616205955629376,-1
2025-01,Maharashtra,Pune,633068687,13565.0,139622.0,147125.0,205287.0,352412.0,153187.0,2.3005196229469673,-1
2025-01,Maharashtra,Raigad,89787312,1710.0,18576.0,1802.0,6253.0,8055.0,20286.0,0.3970522995021442,-1
2025-01,Maharashtra,Raigarh,225343286,1025.0,10995.0,35707.0,48547.0,84254.0,12020.0,7.008901089759587,-1
2025-01,Maharashtra,Ratnagiri,271502611,284.0,4777.0,21540.0,43390.0,64930.0,5061.0,12.826945871197156,-1
2025-01,Maharashtra,Sangli,259126140,561.0,10008.0,42820.0,75859.0,118679.0,10569.0,11.2279091769158,-1
2025-01,Maharashtra,Satara,310065112,611.0,12120.0,45472.0,64967.0,110439.0,12731.0,8.674128180961358,-1
2025-01,Maharashtra,Sindhudurg,160810308,148.0,2545.0,8084.0,14788.0,22872.0,2693.0,8.489977728285078,-1
2025-01,Maharashtra,Solapur,317377240,1956.0,40388.0,73127.0,120808.0,193935.0,42344.0,4.579879560750975,-1
2025-01,Maharashtra,Thane,356491329,18416.0,169556.0,94539.0,214794.0,309333.0,187972.0,1.6456246375809291,-1
2025-01,Maharashtra,Wardha,79594573,771.0,6365.0,18384.0,46193.0,64577.0,7136.0,9.048199523609359,-1
2025-01,Maharashtra,Washim,58214632,396.0,6217.0,21653.0,51238.0,72891.0,6613.0,11.020713637738131,-1
2025-01,Maharashtra,Yavatmal,152263901,1569.0,27825.0,47254.0,125269.0,172523.0,29394.0,5.869127402619493,-1
2025-01,Manipur,Bishnupur,28624631,704.0,5738.0,9192.0,5977.0,15169.0,6442.0,2.3543380412851156,-1
2025-01,Manipur,Churachandpur,71560179,1111.0,4309.0,5435.0,4816.0,10251.0,5420.0,1.8909795240730491,-1
2025-01,Manipur,Imphal East,89842832,625.0,4030.0,20404.0,12116.0,32520.0,4655.0,6.984536082474227,-1
2025-01,Manipur,Imphal West,112900398,950.0,7154.0,16508.0,13382.0,29890.0,8104.0,3.687847008019741,-1
2025-01,Manipur,Senapati,150274187,789.0,3745.0,6859.0,5948.0,12807.0,4534.0,2.8240352811466374,-1
2025-01,Manipur,Thoubal,65200507,929.0,5463.0,15973.0,14016.0,29989.0,6392.0,4.690911934928828,-1
2025-01,Manipur,Ukhrul,38166420,216.0,1945.0,3468.0,4712.0,8180.0,2161.0,3.7835337650323773,-1
2025-01,Meghalaya,East Khasi Hills,199846831,713.0,5606.0,4947.0,8711.0,13658.0,6319.0,2.161075949367089,-1
2025-01,Meghalaya,West Garo Hills,72259859,302.0,5558.0,5899.0,21144.0,27043.0,5860.0,4.614059034294489,-1
2025-01,Mizoram,Aizawl,132149621,761.0,5476.0,20173.0,8680.0,28853.0,6237.0,4.625360692529657,-1
2025-01,Mizoram,Champhai,50964084,288.0,3931.0,10398.0,3704.0,14102.0,4219.0,3.3417061611374406,-1
2025-01,Mizoram,Kolasib,53337949,384.0,1962.0,6975.0,2515.0,9490.0,2346.0,4.043459735832978,-1
2025-01,Mizoram,Lawngtlai,35060825,160.0,2170.0,6777.0,3460.0,10237.0,2330.0,4.3916773916773915,-1
2025-01,Mizoram,Lunglei,52579739,697.0,3831.0,9337.0,4384.0,13721.0,4528.0,3.029587105321263,-1
2025-01,Mizoram,Mamit,33450169,161.0,761.0,7879.0,1575.0,9454.0,922.0,10.242686890574214,-1
2025-01,Mizoram,Mammit,25485371,13.0,172.0,1532.0,931.0,2463.0,185.0,13.241935483870968,-1
2025-01,Mizoram,Saiha,21516447,112.0,732.0,3892.0,973.0,4865.0,844.0,5.757396449704142,-1
2025-01,Mizoram,Saitual,4777624,0.0,3.0,24.0,29.0,53.0,3.0,13.25,-1
2025-01,Mizoram,Serchhip,29459482,290.0,1415.0,4308.0,2096.0,6404.0,1705.0,3.753810082063306,-1
2025-01,Nagaland,Dimapur,56597982,273.0,2153.0,3914.0,10861.0,14775.0,2426.0,6.087762669962917,-1
2025-01,Nagaland,Kohima,51011292,48.0,949.0,1544.0,7767.0,9311.0,997.0,9.329659318637274,-1
2025-01,Nagaland,Longleng,19166933,3.0,28.0,429.0,1665.0,2094.0,31.0,65.4375,-1
2025-01,Nagaland,Mokokchung,39131876,42.0,870.0,956.0,4393.0,5349.0,912.0,5.858707557502738,-1
2025-01,Nagaland,Mon,34340308,172.0,1323.0,2481.0,6235.0,8716.0,1495.0,5.82620320855615,-1
2025-01,Nagaland,Noklak,8784886,2.0,22.0,129.0,374.0,503.0,24.0,20.12,-1
2025-01,Nagaland,Phek,35869850,18.0,338.0,761.0,5556.0,6317.0,356.0,17.69467787114846,-1
2025-01,Nagaland,Shamator,2395884,0.0,0.0,18.0,52.0,70.0,0.0,70.0,-1
2025-01,Nagaland,Tseminyu,3188436,0.0,1.0,32.0,102.0,134.0,1.0,67.0,-1
2025-01,Nagaland,Tuensang,31944636,128.0,1266.0,1419.0,5038.0,6457.0,1394.0,4.628673835125448,-1
2025-01,Nagaland,Wokha,18333465,74.0,1072.0,1146.0,3964.0,5110.0,1146.0,4.455100261551874,-1
2025-01,Nagaland,Zunheboto,25542199,57.0,573.0,687.0,4889.0,5576.0,630.0,8.836767036450079,-1
2025-01,Odisha,ANUGUL,4554714,1.0,5.0,64.0,120.0,184.0,6.0,26.285714285714285,-1
2025-01,Odisha,Angul,205720557,1218.0,8852.0,17730.0,21772.0,39502.0,10070.0,3.922351305729322,-1
2025-01,Odisha,Anugul,43269623,3.0,57.0,121.0,421.0,542.0,60.0,8.885245901639344,-1
2025-01,Odisha,Balangir,243917043,1534.0,13730.0,28061.0,30158.0,58219.0,15264.0,3.8138879790370126,-1
2025-01,Odisha,Baleshwar,263863925,93.0,913.0,2964.0,8905.0,11869.0,1006.0,11.786494538232374,-1
2025-01,Odisha,Baleswar,427168675,2749.0,15665.0,30815.0,31359.0,62174.0,18414.0,3.3762693456421395,-1
2025-01,Odisha,Bargarh,215822279,975.0,8794.0,22257.0,26811.0,49068.0,9769.0,5.0223132036847495,-1
2025-01,Odisha,Baudh,28956746,1.0,23.0,400.0,2646.0,3046.0,24.0,121.84,-1
2025-01,Odisha,Bhadrak,316811187,2273.0,13367.0,30870.0,28680.0,59550.0,15640.0,3.8073013234447926,-1
2025-01,Odisha,Boudh,96770243,215.0,2094.0,5857.0,8218.0,14075.0,2309.0,6.093073593073593,-1
2025-01,Odisha,Cuttack,500557466,1972.0,18544.0,40151.0,49754.0,89905.0,20516.0,4.38197592240581,-1
2025-01,Odisha,Debagarh,39941872,265.0,2143.0,4442.0,5500.0,9942.0,2408.0,4.127023661270236,-1
2025-01,Odisha,Dhenkanal,184446368,1377.0,8382.0,21597.0,28516.0,50113.0,9759.0,5.13452868852459,-1
2025-01,Odisha,Gajapati,140053866,1033.0,7855.0,16953.0,21439.0,38392.0,8888.0,4.319046011924851,-1
2025-01,Odisha,Ganjam,695516419,3981.0,33777.0,55490.0,61729.0,117219.0,37758.0,3.1043989512434123,-1
2025-01,Odisha,JAJPUR,301217102,1089.0,7038.0,12920.0,12093.0,25013.0,8127.0,3.077386811023622,-1
2025-01,Odisha,Jagatsinghapur,235288513,767.0,6206.0,12282.0,15295.0,27577.0,6973.0,3.954258675078864,-1
2025-01,Odisha,Jagatsinghpur,127447121,5.0,185.0,1087.0,4313.0,5400.0,190.0,28.272251308900522,-1
2025-01,Odisha,Jajapur,336686869,1016.0,7307.0,17943.0,21006.0,38949.0,8323.0,4.6791206150889,-1
2025-01,Odisha,Jajpur,8305220,0.0,1.0,60.0,91.0,151.0,1.0,75.5,-1
2025-01,Odisha,Jharsuguda,151338442,592.0,6256.0,6869.0,8148.0,15017.0,6848.0,2.1925828588115053,-1
2025-01,Odisha,Kalahandi,233641227,1422.0,14900.0,26289.0,37482.0,63771.0,16322.0,3.9068185995221465,-1
2025-01,Odisha,Kandhamal,208031418,1765.0,12907.0,16703.0,22490.0,39193.0,14672.0,2.6710965719348465,-1
2025-01,Odisha,Kendrapara,328858532,1726.0,13988.0,21213.0,27211.0,48424.0,15714.0,3.0813872096722874,-1
2025-01,Odisha,Kendujhar,363790252,2658.0,19057.0,28914.0,39162.0,68076.0,21715.0,3.134831460674157,-1
2025-01,Odisha,Khorda,478841819,1942.0,12912.0,28377.0,33360.0,61737.0,14854.0,4.1559744193874115,-1
2025-01,Odisha,Khordha,155663740,11.0,129.0,718.0,3105.0,3823.0,140.0,27.113475177304963,-1
2025-01,Odisha,Koraput,259741034,1141.0,12778.0,31439.0,40377.0,71816.0,13919.0,5.159195402298851,-1
2025-01,Odisha,Malkangiri,98563075,1038.0,7823.0,18335.0,14829.0,33164.0,8861.0,3.742270367862785,-1
2025-01,Odisha,Mayurbhanj,583678141,2874.0,22503.0,46972.0,56993.0,103965.0,25377.0,4.09665852313027,-1
2025-01,Odisha,Nabarangapur,139060579,1050.0,15577.0,30779.0,33742.0,64521.0,16627.0,3.8802622083233103,-1
2025-01,Odisha,Nayagarh,200802823,1192.0,8305.0,17928.0,22385.0,40313.0,9497.0,4.244367235207412,-1
2025-01,Odisha,Nuapada,59756470,489.0,4970.0,12582.0,16797.0,29379.0,5459.0,5.380769230769231,-1
2025-01,Odisha,Puri,260232441,867.0,8245.0,19277.0,24255.0,43532.0,9112.0,4.7769121035882804,-1
2025-01,Odisha,Rayagada,154524496,1113.0,9777.0,18653.0,20650.0,39303.0,10890.0,3.6087595262143055,-1
2025-01,Odisha,Sambalpur,208154577,1175.0,8794.0,15769.0,17056.0,32825.0,9969.0,3.2923771313941828,-1
2025-01,Odisha,Sonapur,78237034,542.0,4727.0,8582.0,7937.0,16519.0,5269.0,3.1345351043643266,-1
2025-01,Odisha,Sundargarh,214764814,64.0,528.0,2104.0,7365.0,9469.0,592.0,15.96795952782462,-1
2025-01,Odisha,Sundergarh,474160513,2300.0,17447.0,31757.0,33625.0,65382.0,19747.0,3.3108162851934373,-1
2025-01,Odisha,jajpur,9060226,0.0,5.0,55.0,50.0,105.0,5.0,17.5,-1
2025-01,Orissa,Balangir,126560877,8.0,161.0,1561.0,6429.0,7990.0,169.0,47.0,-1
2025-01,Orissa,Baleshwar,92236501,8.0,57.0,473.0,1251.0,1724.0,65.0,26.12121212121212,-1
2025-01,Orissa,Bargarh,22273179,2.0,26.0,89.0,386.0,475.0,28.0,16.379310344827587,-1
2025-01,Orissa,Bhadrak,108126148,12.0,81.0,925.0,2384.0,3309.0,93.0,35.202127659574465,-1
2025-01,Orissa,Cuttack,79861620,5.0,47.0,589.0,3053.0,3642.0,52.0,68.71698113207547,-1
2025-01,Orissa,Dhenkanal,37951231,2.0,24.0,244.0,641.0,885.0,26.0,32.77777777777778,-1
2025-01,Orissa,Ganjam,112579869,9.0,120.0,894.0,3052.0,3946.0,129.0,30.353846153846153,-1
2025-01,Orissa,Jajapur,21892869,2.0,6.0,94.0,251.0,345.0,8.0,38.333333333333336,-1
2025-01,Orissa,Kendujhar,11368339,0.0,10.0,17.0,67.0,84.0,10.0,7.636363636363637,-1
2025-01,Orissa,Khordha,163072716,10.0,141.0,1040.0,6642.0,7682.0,151.0,50.53947368421053,-1
2025-01,Orissa,Koraput,36673576,1.0,35.0,123.0,453.0,576.0,36.0,15.567567567567568,-1
2025-01,Orissa,Nayagarh,24818295,0.0,13.0,80.0,219.0,299.0,13.0,21.357142857142858,-1
2025-01,Orissa,Puri,65428967,0.0,49.0,406.0,1399.0,1805.0,49.0,36.1,-1
2025-01,Orissa,Rayagada,18360290,1.0,25.0,89.0,749.0,838.0,26.0,31.037037037037038,-1
2025-01,Orissa,Sundargarh,33074649,0.0,22.0,62.0,317.0,379.0,22.0,16.47826086956522,-1
2025-01,Pondicherry,Karaikal,17678522,0.0,16.0,17.0,284.0,301.0,16.0,17.705882352941178,-1
2025-01,Pondicherry,Pondicherry,115316616,8.0,177.0,2318.0,9971.0,12289.0,185.0,66.06989247311827,-1
2025-01,Puducherry,Karaikal,53035604,159.0,1199.0,2273.0,4909.0,7182.0,1358.0,5.28476821192053,-1
2025-01,Puducherry,Puducherry,156956779,722.0,5253.0,7086.0,7604.0,14690.0,5975.0,2.4581659973226238,-1
2025-01,Punjab,Amritsar,57845549,3947.0,51491.0,36702.0,72279.0,108981.0,55438.0,1.9657822110788434,-1
2025-01,Punjab,Barnala,17770649,222.0,4351.0,8595.0,14345.0,22940.0,4573.0,5.015303891560997,-1
2025-01,Punjab,Bathinda,32319254,809.0,12578.0,24962.0,37423.0,62385.0,13387.0,4.659769943232746,-1
2025-01,Punjab,Faridkot,15581606,339.0,5936.0,9139.0,17095.0,26234.0,6275.0,4.180050987890376,-1
2025-01,Punjab,Fatehgarh Sahib,23641625,418.0,6677.0,9674.0,13931.0,23605.0,7095.0,3.32652198421646,-1
2025-01,Punjab,Fazilka,18860414,1127.0,15361.0,18549.0,22860.0,41409.0,16488.0,2.511310570683486,-1
2025-01,Punjab,Ferozepur,31389896,1097.0,14553.0,14882.0,23042.0,37924.0,15650.0,2.4231039550188487,-1
2025-01,Punjab,Firozpur,21769351,20.0,563.0,988.0,6040.0,7028.0,583.0,12.034246575342467,-1
2025-01,Punjab,Gurdaspur,55913604,3355.0,37031.0,29220.0,56222.0,85442.0,40386.0,2.115581746601629,-1
2025-01,Punjab,Hoshiarpur,79727322,1755.0,22478.0,22473.0,42503.0,64976.0,24233.0,2.681191714120657,-1
2025-01,Punjab,Jalandhar,99662339,1149.0,15733.0,32126.0,65569.0,97695.0,16882.0,5.7865900610081145,-1
2025-01,Punjab,Kapurthala,34125046,84.0,1265.0,11409.0,26714.0,38123.0,1349.0,28.23925925925926,-1
2025-01,Punjab,Ludhiana,107562154,3850.0,49704.0,53904.0,78252.0,132156.0,53554.0,2.4676687517505367,-1
2025-01,Punjab,Malerkotla,10065414,676.0,8541.0,3676.0,5858.0,9534.0,9217.0,1.0342807550444781,-1
2025-01,Punjab,Mansa,20110552,888.0,11597.0,13157.0,27333.0,40490.0,12485.0,3.2428319718084255,-1
2025-01,Punjab,Moga,34496014,671.0,9538.0,15442.0,26900.0,42342.0,10209.0,4.147110675808031,-1
2025-01,Punjab,Muktsar,11099674,4.0,146.0,472.0,5013.0,5485.0,150.0,36.324503311258276,-1
2025-01,Punjab,Pathankot,20393765,696.0,6438.0,7808.0,9603.0,17411.0,7134.0,2.4402242466713386,-1
2025-01,Punjab,Patiala,35819743,5823.0,53599.0,38050.0,46151.0,84201.0,59422.0,1.4169765915554584,-1
2025-01,Punjab,Rupnagar,31447738,423.0,4711.0,11267.0,19858.0,31125.0,5134.0,6.061343719571568,-1
2025-01,Punjab,S.A.S Nagar(Mohali),10540200,0.0,73.0,210.0,876.0,1086.0,73.0,14.675675675675675,-1
2025-01,Punjab,SAS Nagar (Mohali),42747765,2527.0,28414.0,22270.0,19232.0,41502.0,30941.0,1.3412836920690323,-1
2025-01,Punjab,Sangrur,31974625,428.0,8721.0,21532.0,31931.0,53463.0,9149.0,5.842950819672131,-1
2025-01,Punjab,Shaheed Bhagat Singh Nagar,39738192,98.0,990.0,8083.0,11858.0,19941.0,1088.0,18.31129476584022,-1
2025-01,Punjab,Sri Muktsar Sahib,25816471,714.0,8908.0,16358.0,22436.0,38794.0,9622.0,4.031383144549517,-1
2025-01,Punjab,Tarn Taran,43272832,426.0,9053.0,17933.0,40706.0,58639.0,9479.0,6.185548523206751,-1
2025-01,Rajasthan,Ajmer,190306234,6518.0,69020.0,37247.0,39994.0,77241.0,75538.0,1.0225314076172574,-1
2025-01,Rajasthan,Alwar,166409222,6273.0,70601.0,60282.0,65702.0,125984.0,76874.0,1.6388162601626017,-1
2025-01,Rajasthan,Banswara,70014779,1427.0,56579.0,25542.0,24295.0,49837.0,58006.0,0.8591549295774648,-1
2025-01,Rajasthan,Baran,53660306,3380.0,48092.0,18146.0,22210.0,40356.0,51472.0,0.7840226915081693,-1
2025-01,Rajasthan,Barmer,112918008,5343.0,71210.0,61395.0,50422.0,111817.0,76553.0,1.4606290984141912,-1
2025-01,Rajasthan,Bharatpur,119200236,4048.0,53909.0,40188.0,41040.0,81228.0,57957.0,1.4014976362193312,-1
2025-01,Rajasthan,Bhilwara,120187683,2073.0,49275.0,29875.0,27276.0,57151.0,51348.0,1.1129914896103137,-1
2025-01,Rajasthan,Bikaner,107249204,4742.0,42766.0,30596.0,44289.0,74885.0,47508.0,1.5762276621271758,-1
2025-01,Rajasthan,Bundi,66945757,1678.0,25266.0,16815.0,17976.0,34791.0,26944.0,1.2911857487474485,-1
2025-01,Rajasthan,Chittaurgarh,17914563,2.0,81.0,192.0,806.0,998.0,83.0,11.880952380952381,-1
2025-01,Rajasthan,Chittorgarh,109865919,2031.0,31858.0,18928.0,17010.0,35938.0,33889.0,1.060430805547359,-1
2025-01,Rajasthan,Churu,103048638,4011.0,41584.0,33494.0,42247.0,75741.0,45595.0,1.6611325554873235,-1
2025-01,Rajasthan,Dausa,94188500,2248.0,23613.0,26868.0,32544.0,59412.0,25861.0,2.2972701260536694,-1
2025-01,Rajasthan,Dhaulpur,2624063,0.0,12.0,25.0,94.0,119.0,12.0,9.153846153846153,-1
2025-01,Rajasthan,Dholpur,55764223,4730.0,46013.0,24040.0,17782.0,41822.0,50743.0,0.8241762572915025,-1
2025-01,Rajasthan,Dungarpur,102102308,1137.0,62162.0,23405.0,20983.0,44388.0,63299.0,0.7012322274881516,-1
2025-01,Rajasthan,Ganganagar,125746997,2622.0,37681.0,22900.0,37565.0,60465.0,40303.0,1.5002233028979755,-1
2025-01,Rajasthan,Hanumangarh,85214320,4199.0,48277.0,21853.0,35129.0,56982.0,52476.0,1.0858471330297081,-1
2025-01,Rajasthan,Jaipur,307402977,15682.0,134770.0,83504.0,131021.0,214525.0,150452.0,1.4258605677520555,-1
2025-01,Rajasthan,Jaisalmer,51384094,1082.0,10414.0,14041.0,12720.0,26761.0,11496.0,2.327650691484735,-1
2025-01,Rajasthan,Jalor,88126201,1813.0,39103.0,23569.0,30213.0,53782.0,40916.0,1.3144169904929492,-1
2025-01,Rajasthan,Jhalawar,73721400,2717.0,50060.0,17423.0,21475.0,38898.0,52777.0,0.7370116336352268,-1
2025-01,Rajasthan,Jhunjhunun,191488293,1907.0,21068.0,23085.0,42563.0,65648.0,22975.0,2.8572423398328692,-1
2025-01,Rajasthan,Jodhpur,180776503,5608.0,80678.0,61339.0,69098.0,130437.0,86286.0,1.5116645612896498,-1
2025-01,Rajasthan,Karauli,98906791,2887.0,26396.0,24713.0,20530.0,45243.0,29283.0,1.5449733642944954,-1
2025-01,Rajasthan,Kota,122546432,5174.0,49981.0,27256.0,29418.0,56674.0,55155.0,1.0275219377764886,-1
2025-01,Rajasthan,Nagaur,198312865,4295.0,55279.0,53263.0,64913.0,118176.0,59574.0,1.9836508602601763,-1
2025-01,Rajasthan,Pali,162390377,2302.0,34516.0,37944.0,54897.0,92841.0,36818.0,2.5215513729324535,-1
2025-01,Rajasthan,Pratapgarh,53379581,1893.0,25969.0,18372.0,14133.0,32505.0,27862.0,1.1666008685353335,-1
2025-01,Rajasthan,Rajsamand,98670784,2226.0,23595.0,16936.0,16898.0,33834.0,25821.0,1.310278057470374,-1
2025-01,Rajasthan,Sawai Madhopur,98594295,1801.0,19834.0,21507.0,23983.0,45490.0,21635.0,2.1025143279718987,-1
2025-01,Rajasthan,Sikar,233337921,3940.0,33058.0,40545.0,59952.0,100497.0,36998.0,2.7162085461769236,-1
2025-01,Rajasthan,Sirohi,71283574,1693.0,19938.0,15545.0,21944.0,37489.0,21631.0,1.7330343934911243,-1
2025-01,Rajasthan,Tonk,56919764,2990.0,27760.0,20315.0,24669.0,44984.0,30750.0,1.4628467366914897,-1
2025-01,Rajasthan,Udaipur,162905304,3204.0,67624.0,49172.0,53353.0,102525.0,70828.0,1.4475003176664925,-1
2025-01,Sikkim,North Sikkim,16953694,3.0,13.0,251.0,186.0,437.0,16.0,25.705882352941178,-1
2025-01,Tamil Nadu,Ariyalur,194657580,665.0,7563.0,18414.0,36660.0,55074.0,8228.0,6.6926722566532995,-1
2025-01,Tamil Nadu,Chennai,522647850,3660.0,39082.0,52279.0,85343.0,137622.0,42742.0,3.2197552815665724,-1
2025-01,Tamil Nadu,Coimbatore,795262855,2741.0,31326.0,49221.0,99857.0,149078.0,34067.0,4.375895268286955,-1
2025-01,Tamil Nadu,Cuddalore,487036027,1526.0,23403.0,50712.0,47004.0,97716.0,24929.0,3.919614921780987,-1
2025-01,Tamil Nadu,Dharmapuri,244316506,1076.0,11231.0,36542.0,23814.0,60356.0,12307.0,4.903802404939876,-1
2025-01,Tamil Nadu,Dindigul,417751905,1500.0,15279.0,39303.0,83888.0,123191.0,16779.0,7.341537544696067,-1
2025-01,Tamil Nadu,Erode,448727051,1390.0,19088.0,31035.0,53669.0,84704.0,20478.0,4.136139459934567,-1
2025-01,Tamil Nadu,Kancheepuram,703184903,5451.0,53092.0,62050.0,75927.0,137977.0,58543.0,2.356808554249795,-1
2025-01,Tamil Nadu,Kanniyakumari,490874122,1389.0,12497.0,12205.0,28194.0,40399.0,13886.0,2.909123640815151,-1
2025-01,Tamil Nadu,Kanyakumari,404027949,1504.0,6205.0,9216.0,5587.0,14803.0,7709.0,1.9199740596627757,-1
2025-01,Tamil Nadu,Karur,261882352,626.0,7201.0,15993.0,19452.0,35445.0,7827.0,4.527976494634645,-1
2025-01,Tamil Nadu,Krishnagiri,282032322,2494.0,20568.0,38268.0,30317.0,68585.0,23062.0,2.9738108658890865,-1
2025-01,Tamil Nadu,Madurai,417039431,3598.0,33537.0,53720.0,79513.0,133233.0,37135.0,3.5877046531667385,-1
2025-01,Tamil Nadu,Nagapattinam,575577522,341.0,4821.0,21190.0,26429.0,47619.0,5162.0,9.223126089482859,-1
2025-01,Tamil Nadu,Namakkal,426156017,963.0,9730.0,23980.0,50141.0,74121.0,10693.0,6.931082850196372,-1
2025-01,Tamil Nadu,Perambalur,177061678,333.0,3254.0,16831.0,18645.0,35476.0,3587.0,9.887402452619844,-1
2025-01,Tamil Nadu,Pudukkottai,416614640,982.0,12934.0,29465.0,47870.0,77335.0,13916.0,5.556872889272113,-1
2025-01,Tamil Nadu,Ramanathapuram,416576349,902.0,9956.0,26791.0,36483.0,63274.0,10858.0,5.82687171931117,-1
2025-01,Tamil Nadu,Salem,673272387,2495.0,28280.0,73220.0,82002.0,155222.0,30775.0,5.043605406810502,-1
2025-01,Tamil Nadu,Sivaganga,486144664,776.0,7051.0,22872.0,32940.0,55812.0,7827.0,7.129790495656617,-1
2025-01,Tamil Nadu,Thanjavur,722579112,1637.0,22087.0,37317.0,68484.0,105801.0,23724.0,4.4594731296101155,-1
2025-01,Tamil Nadu,The Nilgiris,301623277,313.0,2697.0,12320.0,14571.0,26891.0,3010.0,8.93091996014613,-1
2025-01,Tamil Nadu,Theni,218311255,717.0,9411.0,23149.0,33779.0,56928.0,10128.0,5.620298153815776,-1
2025-01,Tamil Nadu,Thiruvallur,64303723,4.0,52.0,510.0,677.0,1187.0,56.0,20.82456140350877,-1
2025-01,Tamil Nadu,Thiruvarur,482652217,567.0,6995.0,17758.0,22123.0,39881.0,7562.0,5.273172021684517,-1
2025-01,Tamil Nadu,Thoothukkudi,608304374,991.0,9525.0,35506.0,48561.0,84067.0,10516.0,7.993439193686412,-1
2025-01,Tamil Nadu,Tiruchirappalli,638985457,1897.0,19276.0,40321.0,81395.0,121716.0,21173.0,5.748370643241712,-1
2025-01,Tamil Nadu,Tirunelveli,838918970,2810.0,20991.0,46051.0,77337.0,123388.0,23801.0,5.183934123182926,-1
2025-01,Tamil Nadu,Tiruppur,486252566,3517.0,29205.0,38681.0,51138.0,89819.0,32722.0,2.7448277969623813,-1
2025-01,Tamil Nadu,Tiruvallur,572233893,6118.0,58544.0,66020.0,75832.0,141852.0,64662.0,2.193712014598766,-1
2025-01,Tamil Nadu,Tiruvannamalai,504957046,1610.0,18841.0,54559.0,36579.0,91138.0,20451.0,4.456190103657344,-1
2025-01,Tamil Nadu,Vellore,803922731,2064.0,22546.0,54021.0,57123.0,111144.0,24610.0,4.516029417740035,-1
2025-01,Tamil Nadu,Villupuram,593344706,1055.0,7112.0,48610.0,22314.0,70924.0,8167.0,8.683153770812929,-1
2025-01,Tamil Nadu,Viluppuram,529137395,217.0,2619.0,15056.0,34054.0,49110.0,2836.0,17.31053930207966,-1
2025-01,Tamil Nadu,Virudhunagar,434001409,2549.0,17397.0,29143.0,39085.0,68228.0,19946.0,3.4204642302100567,-1
2025-01,Telangana,Adilabad,280855166,2614.0,15860.0,21809.0,19986.0,41795.0,18474.0,2.2622462787550743,-1
2025-01,Telangana,Bhadradri Kothagudem,122217602,1277.0,8450.0,4479.0,5337.0,9816.0,9727.0,1.009046052631579,-1
2025-01,Telangana,Hyderabad,394032088,17116.0,99588.0,64211.0,62505.0,126716.0,116704.0,1.085780386444454,-1
2025-01,Telangana,Jogulamba Gadwal,59059520,3836.0,12656.0,2959.0,3591.0,6550.0,16492.0,0.3971381798338689,-1
2025-01,Telangana,K.v. Rangareddy,555002239,12380.0,66977.0,64892.0,79378.0,144270.0,79357.0,1.8179641624032863,-1
2025-01,Telangana,Kamareddy,117745201,1276.0,5964.0,3279.0,4242.0,7521.0,7240.0,1.0386686921695898,-1
2025-01,Telangana,Karimnagar,503856049,3625.0,21654.0,39632.0,40215.0,79847.0,25279.0,3.158504746835443,-1
2025-01,Telangana,Khammam,288579753,1917.0,14553.0,20956.0,10939.0,31895.0,16470.0,1.9364337320138425,-1
2025-01,Telangana,Mahabubnagar,449172319,8267.0,27891.0,59809.0,56044.0,115853.0,36158.0,3.2039879421444177,-1
2025-01,Telangana,Medak,458556834,2720.0,10446.0,33105.0,32891.0,65996.0,13166.0,5.012227538543328,-1
2025-01,Telangana,Medchal-malkajgiri,153053565,5705.0,29493.0,6725.0,10873.0,17598.0,35198.0,0.4999573851529873,-1
2025-01,Telangana,Nalgonda,373035409,3663.0,21111.0,44683.0,35751.0,80434.0,24774.0,3.246579212916246,-1
2025-01,Telangana,Nizamabad,325582991,4946.0,22040.0,32116.0,31587.0,63703.0,26986.0,2.3605069107347982,-1
2025-01,Telangana,Sangareddy,189856749,3040.0,13054.0,5536.0,5060.0,10596.0,16094.0,0.6583410997204101,-1
2025-01,Telangana,Siddipet,151002221,1495.0,6607.0,2708.0,2688.0,5396.0,8102.0,0.6659262001727755,-1
2025-01,Telangana,Suryapet,105706234,1100.0,9742.0,4636.0,6777.0,11413.0,10842.0,1.0525684773586645,-1
2025-01,Telangana,Vikarabad,113771421,2949.0,13250.0,3491.0,3774.0,7265.0,16199.0,0.4484567901234568,-1
2025-01,Telangana,Wanaparthy,75361446,1292.0,6138.0,2453.0,3458.0,5911.0,7430.0,0.7954514870138608,-1
2025-01,Telangana,Warangal,428268108,1570.0,5827.0,30125.0,23197.0,53322.0,7397.0,7.207623682076237,-1
2025-01,Telangana,Warangal Urban,79941234,1006.0,7540.0,2152.0,2668.0,4820.0,8546.0,0.5639405639405639,-1
2025-01,Telangana,Yadadri.,91472559,1331.0,14603.0,2680.0,3974.0,6654.0,15934.0,0.41757138374647,-1
2025-01,Tripura,Dhalai,103106421,266.0,3862.0,16273.0,10454.0,26727.0,4128.0,6.472995882780334,-1
2025-01,Tripura,Dhalai  *,14386288,0.0,15.0,141.0,315.0,456.0,15.0,28.5,-1
2025-01,Tripura,Gomati,80709086,462.0,3658.0,7854.0,2027.0,9881.0,4120.0,2.3977190002426596,-1
2025-01,Tripura,Khowai,46353812,78.0,920.0,5035.0,1542.0,6577.0,998.0,6.583583583583583,-1
2025-01,Tripura,North Tripura,175039404,366.0,4281.0,15830.0,16523.0,32353.0,4647.0,6.960628227194492,-1
2025-01,Tripura,Sepahijala,60732495,238.0,4181.0,10372.0,4154.0,14526.0,4419.0,3.2864253393665157,-1
2025-01,Tripura,South Tripura,196585065,638.0,10370.0,15802.0,23478.0,39280.0,11008.0,3.5679898265055865,-1
2025-01,Tripura,Unakoti,79128428,182.0,813.0,9382.0,2631.0,12013.0,995.0,12.061244979919678,-1
2025-01,Tripura,West Tripura,307650005,833.0,13157.0,25650.0,40563.0,66213.0,13990.0,4.732542348652705,-1
2025-01,Uttar Pradesh,Agra,101927668,5269.0,47537.0,98764.0,52953.0,151717.0,52806.0,2.8730471339027024,-1
2025-01,Uttar Pradesh,Aligarh,91239867,6530.0,76786.0,95301.0,33752.0,129053.0,83316.0,1.5489395921600633,-1
2025-01,Uttar Pradesh,Allahabad,114803916,4425.0,52713.0,121376.0,48609.0,169985.0,57138.0,2.9749383083358127,-1
2025-01,Uttar Pradesh,Ambedkar Nagar,86081368,2059.0,21163.0,28827.0,21085.0,49912.0,23222.0,2.1492485897601514,-1
2025-01,Uttar Pradesh,Amethi,101635612,1671.0,22616.0,35829.0,21908.0,57737.0,24287.0,2.3771821475625825,-1
2025-01,Uttar Pradesh,Amroha,39078399,2538.0,31930.0,41004.0,15335.0,56339.0,34468.0,1.6344831587803534,-1
2025-01,Uttar Pradesh,Auraiya,42066814,1524.0,17122.0,29105.0,12175.0,41280.0,18646.0,2.2137609266906204,-1
2025-01,Uttar Pradesh,Azamgarh,165905742,4666.0,47642.0,55401.0,47453.0,102854.0,52308.0,1.966277313655394,-1
2025-01,Uttar Pradesh,Baghpat,50865625,2019.0,18314.0,23505.0,12053.0,35558.0,20333.0,1.7486967640405233,-1
2025-01,Uttar Pradesh,Bahraich,75575582,2199.0,32044.0,76339.0,30468.0,106807.0,34243.0,3.118998948720944,-1
2025-01,Uttar Pradesh,Ballia,130141397,2875.0,28213.0,45112.0,35251.0,80363.0,31088.0,2.5849335777927887,-1
2025-01,Uttar Pradesh,Balrampur,46671846,1411.0,23284.0,37595.0,20178.0,57773.0,24695.0,2.3393666990605766,-1
2025-01,Uttar Pradesh,Banda,32361894,1040.0,19315.0,36643.0,21294.0,57937.0,20355.0,2.8461878561603458,-1
2025-01,Uttar Pradesh,Bara Banki,107297265,2538.0,39533.0,69781.0,31507.0,101288.0,42071.0,2.4074919186157064,-1
2025-01,Uttar Pradesh,Barabanki,23436921,10.0,260.0,362.0,1637.0,1999.0,270.0,7.376383763837638,-1
2025-01,Uttar Pradesh,Bareilly,81602523,8913.0,94942.0,107931.0,39043.0,146974.0,103855.0,1.4151710060083191,-1
2025-01,Uttar Pradesh,Basti,90894438,2112.0,24445.0,41908.0,24224.0,66132.0,26557.0,2.490097145869418,-1
2025-01,Uttar Pradesh,Bijnor,88085294,8061.0,90187.0,93779.0,44493.0,138272.0,98248.0,1.407362924813484,-1
2025-01,Uttar Pradesh,Budaun,69190849,4855.0,67567.0,44453.0,18516.0,62969.0,72422.0,0.8694613589605512,-1
2025-01,Uttar Pradesh,Bulandshahr,107277837,8185.0,75374.0,86974.0,28878.0,115852.0,83559.0,1.3864528482527525,-1
2025-01,Uttar Pradesh,Chandauli,54290828,2933.0,28339.0,40190.0,17608.0,57798.0,31272.0,1.8481757426534071,-1
2025-01,Uttar Pradesh,Chitrakoot,21021086,937.0,16040.0,26334.0,11973.0,38307.0,16977.0,2.2562728236541405,-1
2025-01,Uttar Pradesh,Deoria,93582098,2707.0,28329.0,48852.0,37219.0,86071.0,31036.0,2.7731739536682025,-1
2025-01,Uttar Pradesh,Etah,37920280,1075.0,14849.0,45058.0,14868.0,59926.0,15924.0,3.7630141287284142,-1
2025-01,Uttar Pradesh,Etawah,42667523,2438.0,21651.0,31746.0,16900.0,48646.0,24089.0,2.0193441261934413,-1
2025-01,Uttar Pradesh,Faizabad,108350780,1592.0,19757.0,41070.0,16934.0,58004.0,21349.0,2.7168149882903982,-1
2025-01,Uttar Pradesh,Farrukhabad,60365097,1306.0,18422.0,32512.0,12120.0,44632.0,19728.0,2.262253535404734,-1
2025-01,Uttar Pradesh,Fatehpur,68511988,2251.0,35425.0,45601.0,29927.0,75528.0,37676.0,2.0046182020861534,-1
2025-01,Uttar Pradesh,Firozabad,67720947,4826.0,57320.0,53745.0,18720.0,72465.0,62146.0,1.1660257132283136,-1
2025-01,Uttar Pradesh,Gautam Buddha Nagar,61229540,9658.0,84552.0,31847.0,27361.0,59208.0,94210.0,0.6284616446062562,-1
2025-01,Uttar Pradesh,Ghaziabad,82369189,12475.0,123709.0,68287.0,59784.0,128071.0,136184.0,0.9404192825935309,-1
2025-01,Uttar Pradesh,Ghazipur,124616155,4994.0,41913.0,57558.0,34144.0,91702.0,46907.0,1.9549330604587705,-1
2025-01,Uttar Pradesh,Gonda,109327947,2714.0,43557.0,62914.0,32255.0,95169.0,46271.0,2.0567297717842323,-1
2025-01,Uttar Pradesh,Gorakhpur,138506587,5445.0,48691.0,47044.0,62738.0,109782.0,54136.0,2.0278552561095,-1
2025-01,Uttar Pradesh,Hamirpur,36617553,643.0,11896.0,22642.0,11494.0,34136.0,12539.0,2.7221690590111645,-1
2025-01,Uttar Pradesh,Hapur,26782967,1870.0,16486.0,22554.0,10268.0,32822.0,18356.0,1.7879827858582558,-1
2025-01,Uttar Pradesh,Hardoi,71170254,2901.0,46161.0,92231.0,33332.0,125563.0,49062.0,2.5592197786519373,-1
2025-01,Uttar Pradesh,Hathras,48007637,1456.0,18076.0,40499.0,12726.0,53225.0,19532.0,2.7248758511237394,-1
2025-01,Uttar Pradesh,Jalaun,67570544,975.0,18472.0,30904.0,17835.0,48739.0,19447.0,2.5061188811188813,-1
2025-01,Uttar Pradesh,Jaunpur,134695487,4525.0,45561.0,61910.0,43648.0,105558.0,50086.0,2.1074929622456926,-1
2025-01,Uttar Pradesh,Jhansi,81577429,1496.0,22763.0,40323.0,26457.0,66780.0,24259.0,2.752679307502061,-1
2025-01,Uttar Pradesh,Kannauj,45511366,1516.0,17325.0,30694.0,12947.0,43641.0,18841.0,2.3161553975161873,-1
2025-01,Uttar Pradesh,Kanpur Dehat,49785050,1814.0,25638.0,35509.0,13196.0,48705.0,27452.0,1.774123046661567,-1
2025-01,Uttar Pradesh,Kanpur Nagar,113637777,4777.0,60221.0,53927.0,56852.0,110779.0,64998.0,1.7043185279773534,-1
2025-01,Uttar Pradesh,Kasganj,30880270,788.0,10428.0,31198.0,13218.0,44416.0,11216.0,3.959704020682892,-1
2025-01,Uttar Pradesh,Kaushambi,38395476,3298.0,30658.0,49780.0,12596.0,62376.0,33956.0,1.8369113879317962,-1
2025-01,Uttar Pradesh,Kheri,90668834,3199.0,66771.0,81371.0,29029.0,110400.0,69970.0,1.5777965156993612,-1
2025-01,Uttar Pradesh,Kushinagar,70238865,7820.0,68945.0,47365.0,40383.0,87748.0,76765.0,1.1430581246906182,-1
2025-01,Uttar Pradesh,Kushinagar *,1097216,0.0,2.0,17.0,13.0,30.0,2.0,10.0,-1
2025-01,Uttar Pradesh,Lalitpur,41790297,1277.0,16701.0,27735.0,18976.0,46711.0,17978.0,2.5980866566549863,-1
2025-01,Uttar Pradesh,Lucknow,143269733,6922.0,77560.0,76330.0,59983.0,136313.0,84482.0,1.6134962063373697,-1
2025-01,Uttar Pradesh,Maharajganj,55189851,3209.0,37637.0,32688.0,26546.0,59234.0,40846.0,1.450143217372145,-1
2025-01,Uttar Pradesh,Mahoba,23989139,469.0,8096.0,18742.0,9002.0,27744.0,8565.0,3.2388512724725658,-1
2025-01,Uttar Pradesh,Mainpuri,48955192,1653.0,22725.0,27012.0,15616.0,42628.0,24378.0,1.7485540834324624,-1
2025-01,Uttar Pradesh,Mathura,97592769,3703.0,40944.0,50076.0,24698.0,74774.0,44647.0,1.6747446694140835,-1
2025-01,Uttar Pradesh,Mau,68181486,2427.0,23216.0,28202.0,22915.0,51117.0,25643.0,1.9933317735142724,-1
2025-01,Uttar Pradesh,Meerut,71523583,5188.0,63020.0,68997.0,39254.0,108251.0,68208.0,1.5870486299461948,-1
2025-01,Uttar Pradesh,Mirzapur,47415030,2191.0,27931.0,46453.0,20579.0,67032.0,30122.0,2.2252763668957276,-1
2025-01,Uttar Pradesh,Moradabad,51384492,6662.0,73202.0,60285.0,34773.0,95058.0,79864.0,1.1902335190634195,-1
2025-01,Uttar Pradesh,Muzaffarnagar,76208152,4308.0,44439.0,77896.0,34153.0,112049.0,48747.0,2.2985353245261346,-1
2025-01,Uttar Pradesh,Pilibhit,31197249,5704.0,68663.0,60402.0,25332.0,85734.0,74367.0,1.152834552495697,-1
2025-01,Uttar Pradesh,Pratapgarh,109564697,2430.0,32028.0,48413.0,33821.0,82234.0,34458.0,2.386430250442555,-1
2025-01,Uttar Pradesh,Prayagraj,89400213,1207.0,9961.0,6722.0,6752.0,13474.0,11168.0,1.2063747873578656,-1
2025-01,Uttar Pradesh,Rae Bareli,129976379,2733.0,34409.0,50640.0,27325.0,77965.0,37142.0,2.099049619039927,-1
2025-01,Uttar Pradesh,Rampur,31396183,6394.0,77937.0,53275.0,23141.0,76416.0,84331.0,0.9061329032870085,-1
2025-01,Uttar Pradesh,Saharanpur,66050141,6400.0,71921.0,67376.0,45192.0,112568.0,78321.0,1.4372462398815147,-1
2025-01,Uttar Pradesh,Sambhal,51614854,1837.0,32040.0,46603.0,13449.0,60052.0,33877.0,1.7725957848751401,-1
2025-01,Uttar Pradesh,Sant Kabir Nagar,61237453,2519.0,29939.0,29982.0,21879.0,51861.0,32458.0,1.597738685726609,-1
2025-01,Uttar Pradesh,Sant Ravidas Nagar,38957368,1155.0,12630.0,26452.0,13387.0,39839.0,13785.0,2.8898157551138834,-1
2025-01,Uttar Pradesh,Shahjahanpur,54748860,4329.0,58926.0,70826.0,23456.0,94282.0,63255.0,1.4904831162261287,-1
2025-01,Uttar Pradesh,Shamli,34295458,3440.0,31108.0,40154.0,20461.0,60615.0,34548.0,1.7544646733624707,-1
2025-01,Uttar Pradesh,Shrawasti,43763430,1378.0,23628.0,22920.0,12558.0,35478.0,25006.0,1.4187227576278643,-1
2025-01,Uttar Pradesh,Siddharthnagar,66413626,2140.0,23526.0,37832.0,24326.0,62158.0,25666.0,2.421708808976507,-1
2025-01,Uttar Pradesh,Sitapur,86987431,3352.0,57386.0,136524.0,40105.0,176629.0,60738.0,2.907999802433362,-1
2025-01,Uttar Pradesh,Sonbhadra,60127080,1790.0,24183.0,49352.0,20493.0,69845.0,25973.0,2.689035189035189,-1
2025-01,Uttar Pradesh,Sultanpur,91901094,1954.0,20021.0,32576.0,22405.0,54981.0,21975.0,2.501865671641791,-1
2025-01,Uttar Pradesh,Unnao,74056408,2498.0,40387.0,59841.0,34038.0,93879.0,42885.0,2.1890360490602996,-1
2025-01,Uttar Pradesh,Varanasi,103075831,4807.0,45315.0,62121.0,48743.0,110864.0,50122.0,2.211838876364144,-1
2025-01,Uttarakhand,Almora,91051022,508.0,4179.0,7795.0,8915.0,16710.0,4687.0,3.564419795221843,-1
2025-01,Uttarakhand,Bageshwar,42972845,292.0,2221.0,4053.0,9187.0,13240.0,2513.0,5.266507557677008,-1
2025-01,Uttarakhand,Chamoli,68020201,372.0,4327.0,6407.0,9834.0,16241.0,4699.0,3.455531914893617,-1
2025-01,Uttarakhand,Champawat,28872418,526.0,4442.0,5236.0,6851.0,12087.0,4968.0,2.4324813845844235,-1
2025-01,Uttarakhand,Dehradun,112458534,3777.0,38760.0,27829.0,39403.0,67232.0,42537.0,1.580516244299215,-1
2025-01,Uttarakhand,Haridwar,62058389,2579.0,22671.0,29098.0,27525.0,56623.0,25250.0,2.242406241336977,-1
2025-01,Uttarakhand,Nainital,63997770,3632.0,24066.0,15813.0,17675.0,33488.0,27698.0,1.2089967146828406,-1
2025-01,Uttarakhand,Pauri Garhwal,109626305,775.0,6871.0,8662.0,11170.0,19832.0,7646.0,2.5934353341179546,-1
2025-01,Uttarakhand,Pithoragarh,78236325,377.0,4151.0,6846.0,9792.0,16638.0,4528.0,3.6736586442923382,-1
2025-01,Uttarakhand,Rudraprayag,34989059,317.0,3006.0,4655.0,7728.0,12383.0,3323.0,3.7253309265944643,-1
2025-01,Uttarakhand,Tehri Garhwal,72751142,1026.0,8950.0,10556.0,15906.0,26462.0,9976.0,2.6523002906685376,-1
2025-01,Uttarakhand,Udham Singh Nagar,53457671,10902.0,78594.0,30755.0,30006.0,60761.0,89496.0,0.6789166117300022,-1
2025-01,Uttarakhand,Uttarkashi,32640864,327.0,2953.0,5652.0,7271.0,12923.0,3280.0,3.9387381895763487,-1
2025-01,West Bengal,Bankura,550902282,2201.0,30782.0,33633.0,32181.0,65814.0,32983.0,1.9953310696095077,-1
2025-01,West Bengal,Barddhaman,1158500499,1476.0,28202.0,50715.0,61652.0,112367.0,29678.0,3.786077698035648,-1
2025-01,West Bengal,Bardhaman,356050283,18.0,1256.0,1854.0,4652.0,6506.0,1274.0,5.1027450980392155,-1
2025-01,West Bengal,Birbhum,416638190,3633.0,40370.0,29077.0,34952.0,64029.0,44003.0,1.455072266157622,-1
2025-01,West Bengal,Cooch Behar,338556326,2254.0,25539.0,12604.0,16754.0,29358.0,27793.0,1.056271137655609,-1
2025-01,West Bengal,Dakshin Dinajpur,201611448,1653.0,23269.0,14557.0,13662.0,28219.0,24922.0,1.132247321750993,-1
2025-01,West Bengal,Darjeeling,398691603,694.0,11351.0,8455.0,16991.0,25446.0,12045.0,2.112402457247219,-1
2025-01,West Bengal,East Midnapore,391041513,34.0,1744.0,5599.0,9576.0,15175.0,1778.0,8.530073074761102,-1
2025-01,West Bengal,Haora,300157662,14.0,3221.0,3528.0,13965.0,17493.0,3235.0,5.4057478368356,-1
2025-01,West Bengal,Hooghly,831318649,2303.0,41854.0,48219.0,57801.0,106020.0,44157.0,2.400923954889261,-1
2025-01,West Bengal,Howrah,492917063,1509.0,27004.0,29462.0,39296.0,68758.0,28513.0,2.4113768675036824,-1
2025-01,West Bengal,Jalpaiguri,580095782,1354.0,28785.0,20686.0,31114.0,51800.0,30139.0,1.7186463171864632,-1
2025-01,West Bengal,Kolkata,625139525,855.0,23993.0,15479.0,41960.0,57439.0,24848.0,2.3115215904060524,-1
2025-01,West Bengal,Malda,332438105,7234.0,70284.0,22176.0,34098.0,56274.0,77518.0,0.7259381570969697,-1
2025-01,West Bengal,Maldah,174317467,40.0,1323.0,1951.0,5287.0,7238.0,1363.0,5.306451612903226,-1
2025-01,West Bengal,Murshidabad,816043173,13061.0,138982.0,55485.0,79880.0,135365.0,152043.0,0.890301491673463,-1
2025-01,West Bengal,Nadia,706664137,2014.0,37640.0,32426.0,49815.0,82241.0,39654.0,2.0739124952717187,-1
2025-01,West Bengal,North 24 Parganas,1226460567,4344.0,73834.0,61869.0,81348.0,143217.0,78178.0,1.8319113828521725,-1
2025-01,West Bengal,North Twenty Four Parganas,275196057,16.0,1052.0,1728.0,6067.0,7795.0,1068.0,7.291861552853134,-1
2025-01,West Bengal,Paschim Medinipur,723485894,3342.0,45336.0,39431.0,45566.0,84997.0,48678.0,1.7460712011339592,-1
2025-01,West Bengal,Purba Bardhaman,348146739,1237.0,10162.0,2881.0,5548.0,8429.0,11399.0,0.7393859649122807,-1
2025-01,West Bengal,Purba Medinipur,771275665,3167.0,29177.0,38116.0,42777.0,80893.0,32344.0,2.500942958726233,-1
2025-01,West Bengal,Puruliya,330471781,2993.0,35740.0,20802.0,33381.0,54183.0,38733.0,1.3988485568234625,-1
2025-01,West Bengal,South 24 Parganas,780326273,12269.0,147324.0,68030.0,74240.0,142270.0,159593.0,0.8914495532413499,-1
2025-01,West Bengal,South Twenty Four Parganas,284870574,46.0,2702.0,5878.0,13907.0,19785.0,2748.0,7.197162604583485,-1
2025-01,West Bengal,Uttar Dinajpur,234616919,9030.0,113824.0,20280.0,33487.0,53767.0,122854.0,0.4376460054535835,-1
2025-01,West Bengal,West Midnapore,210616748,20.0,1671.0,2688.0,7500.0,10188.0,1691.0,6.0212765957446805,-1
2025-02,Bihar,East Champaran,224928209,695.0,8683.0,1550.0,2229.0,3779.0,9378.0,0.40292142019405053,-1
2025-02,Bihar,Nalanda,168802935,401.0,8774.0,719.0,1120.0,1839.0,9175.0,0.20041412380122056,-1
2025-02,Chhattisgarh,Durg,74082536,148.0,970.0,3805.0,1582.0,5387.0,1118.0,4.814119749776586,-1
2025-02,Jammu and Kashmir,Ramban,6010790,57.0,104.0,1097.0,92.0,1189.0,161.0,7.339506172839506,-1
2025-02,Madhya Pradesh,Burhanpur,10359182,17.0,109.0,691.0,571.0,1262.0,126.0,9.937007874015748,-1
2025-02,Madhya Pradesh,Hoshangabad,33221480,35.0,207.0,577.0,988.0,1565.0,242.0,6.440329218106996,-1
2025-02,Maharashtra,Ahmadnagar,193353357,216.0,2688.0,4030.0,3939.0,7969.0,2904.0,2.743201376936317,-1
2025-02,Maharashtra,Amravati,94280175,67.0,1385.0,1865.0,4653.0,6518.0,1452.0,4.4858912594631795,-1
2025-02,Maharashtra,Aurangabad,89542401,121.0,1805.0,2633.0,4336.0,6969.0,1926.0,3.6165023352361185,-1
2025-02,Maharashtra,Buldhana,70080996,85.0,1045.0,1918.0,3112.0,5030.0,1130.0,4.447391688770999,-1
2025-02,Maharashtra,Chandrapur,72083495,36.0,1003.0,1723.0,2831.0,4554.0,1039.0,4.378846153846154,-1
2025-02,Maharashtra,Jalgaon,138109700,145.0,1553.0,3067.0,4704.0,7771.0,1698.0,4.57386698057681,-1
2025-02,Maharashtra,Mumbai,205268917,131.0,2176.0,2650.0,4666.0,7316.0,2307.0,3.169844020797227,-1
2025-02,Maharashtra,Nagpur,173149964,203.0,1973.0,2365.0,4055.0,6420.0,2176.0,2.949012402388608,-1
2025-02,Maharashtra,Nanded,97136371,126.0,2266.0,2478.0,4644.0,7122.0,2392.0,2.976180526535729,-1
2025-02,Maharashtra,Nandurbar,44669243,42.0,325.0,991.0,2072.0,3063.0,367.0,8.32336956521739,-1
2025-02,Maharashtra,Nandurbar *,9359154,0.0,4.0,0.0,58.0,58.0,4.0,11.6,-1
2025-02,Maharashtra,Nashik,162698112,245.0,2721.0,4775.0,7409.0,12184.0,2966.0,4.106504887091338,-1
2025-02,Maharashtra,Pune,309121787,432.0,4434.0,6821.0,5269.0,12090.0,4866.0,2.484076433121019,-1
2025-02,Maharashtra,Thane,177009427,328.0,4251.0,4751.0,5560.0,10311.0,4579.0,2.251310043668122,-1
2025-02,Maharashtra,Washim,31106399,16.0,524.0,980.0,2316.0,3296.0,540.0,6.0924214417744915,-1
2025-02,Mizoram,Serchhip,11146842,6.0,11.0,40.0,120.0,160.0,17.0,8.88888888888889,-1
2025-02,Uttarakhand,Udham Singh Nagar,24366792,184.0,1532.0,4624.0,1457.0,6081.0,1716.0,3.541642399534071,-1
2025-02,West Bengal,Murshidabad,477220183,990.0,11872.0,1927.0,2613.0,4540.0,12862.0,0.3529503226308015,-1
2025-02,West Bengal,North 24 Parganas,743760067,555.0,11078.0,2223.0,2742.0,4965.0,11633.0,0.42676637441980403,-1
2025-02,West Bengal,Paschim Medinipur,437164521,637.0,7985.0,1712.0,1894.0,3606.0,8622.0,0.4181839267076424,-1
2025-02,West Bengal,South 24 Parganas,463694197,725.0,11010.0,2232.0,2947.0,5179.0,11735.0,0.441291751874574,-1
2025-02,West Bengal,Uttar Dinajpur,128306175,540.0,8359.0,683.0,1269.0,1952.0,8899.0,0.21932584269662922,-1
2025-03,Bihar,Nalanda,156745720,435.0,7943.0,640.0,1029.0,1669.0,8378.0,0.19918844730874807,-1
2025-03,Maharashtra,Ahmadnagar,222389102,337.0,7182.0,3063.0,3278.0,6341.0,7519.0,0.843218085106383,-1
2025-03,Maharashtra,Jalgaon,161480297,292.0,5690.0,2251.0,4149.0,6400.0,5982.0,1.069697476182517,-1
2025-03,Maharashtra,Nanded,116133119,291.0,8806.0,1933.0,4059.0,5992.0,9097.0,0.6586062870960651,-1
2025-03,Maharashtra,Nashik,183820309,526.0,7597.0,3535.0,5976.0,9511.0,8123.0,1.1707287050713935,-1
2025-03,Maharashtra,Pune,365124988,1159.0,13807.0,4417.0,4556.0,8973.0,14966.0,0.5995189416716777,-1
2025-03,Maharashtra,Solapur,182661927,348.0,9962.0,2187.0,2344.0,4531.0,10310.0,0.4394336145863641,-1
2025-03,Maharashtra,Thane,235694830,1048.0,12253.0,3473.0,6011.0,9484.0,13301.0,0.7129754924071569,-1
2025-03,Maharashtra,Yavatmal,91268976,196.0,8069.0,1280.0,3762.0,5042.0,8265.0,0.6099685458504718,-1
2025-03,Rajasthan,Jaipur,159325582,741.0,5568.0,3318.0,3330.0,6648.0,6309.0,1.053565768621236,-1
2025-04,Bihar,East Champaran,229175608,615.0,9206.0,1140.0,1650.0,2790.0,9821.0,0.2840562003665241,-1
2025-04,Bihar,Patna,348036412,724.0,8755.0,998.0,1593.0,2591.0,9479.0,0.2733122362869198,-1
2025-04,Bihar,West Champaran,115807885,669.0,8991.0,1005.0,1443.0,2448.0,9660.0,0.2533899182279267,-1
2025-04,Maharashtra,Ahmadnagar,239474315,366.0,10717.0,3211.0,3505.0,6716.0,11083.0,0.6059184409960303,-1
2025-04,Maharashtra,Jalgaon,178477070,287.0,7046.0,3126.0,5222.0,8348.0,7333.0,1.1382601581674394,-1
2025-04,Maharashtra,Mumbai,254493092,304.0,5507.0,2419.0,5237.0,7656.0,5811.0,1.3172746042670338,-1
2025-04,Maharashtra,Nanded,119586621,285.0,10907.0,1998.0,3687.0,5685.0,11192.0,0.5079067274189225,-1
2025-04,Maharashtra,Nashik,213396140,533.0,9716.0,4271.0,7858.0,12129.0,10249.0,1.1833170731707316,-1
2025-04,Maharashtra,Pune,375406321,718.0,10932.0,5724.0,6023.0,11747.0,11650.0,1.0082396360827397,-1
2025-04,Maharashtra,Solapur,183066219,257.0,9425.0,3436.0,3197.0,6633.0,9682.0,0.6850149746979242,-1
2025-04,Maharashtra,Thane,239253601,767.0,12702.0,3727.0,6730.0,10457.0,13469.0,0.7763177431328879,-1
2025-04,Maharashtra,Yavatmal,93939820,168.0,8967.0,1578.0,5673.0,7251.0,9135.0,0.7936733800350263,-1
2025-04,Nagaland,Meluri,4782684,0.0,2.0,5.0,17.0,22.0,2.0,7.333333333333333,-1
2025-04,West Bengal,Murshidabad,388293011,774.0,8491.0,1707.0,2524.0,4231.0,9265.0,0.4566155838549536,-1
2025-04,West Bengal,North 24 Parganas,587443908,475.0,7947.0,1562.0,2396.0,3958.0,8422.0,0.4699038347382168,-1
2025-04,West Bengal,South 24 Parganas,394980797,709.0,10350.0,1643.0,2429.0,4072.0,11059.0,0.3681735985533454,-1
2025-05,Daman & Diu,Daman,2773500,0.0,2.0,6.0,19.0,25.0,2.0,8.333333333333334,-1
2025-05,Gujarat,Sabar Kantha,4599862,2.0,1.0,5.0,26.0,31.0,3.0,7.75,-1
2025-05,Karnataka,Haveri *,8716746,0.0,2.0,6.0,28.0,34.0,2.0,11.333333333333334,-1
2025-05,Maharashtra,Akola,54636339,24.0,292.0,674.0,2084.0,2758.0,316.0,8.700315457413248,-1
2025-05,Maharashtra,Amravati,88053691,75.0,1089.0,1254.0,4020.0,5274.0,1164.0,4.527038626609442,-1
2025-05,Maharashtra,Buldhana,74067061,45.0,1083.0,1302.0,3491.0,4793.0,1128.0,4.245349867139061,-1
2025-05,Maharashtra,Gadchiroli,34938035,22.0,833.0,880.0,3511.0,4391.0,855.0,5.1296728971962615,-1
2025-05,Maharashtra,Jalgaon,123231816,91.0,1017.0,2503.0,4772.0,7275.0,1108.0,6.559963931469793,-1
2025-05,Maharashtra,Mumbai,221662993,182.0,1919.0,2380.0,5366.0,7746.0,2101.0,3.685061845861085,-1
2025-05,Maharashtra,Nagpur,153752258,141.0,1365.0,1935.0,4645.0,6580.0,1506.0,4.366290643662906,-1
2025-05,Maharashtra,Nandurbar,48923432,34.0,402.0,821.0,2300.0,3121.0,436.0,7.14187643020595,-1
2025-05,Maharashtra,Nandurbar *,10635388,0.0,6.0,1.0,88.0,89.0,6.0,12.714285714285714,-1
2025-05,Maharashtra,Nashik,172837293,230.0,2746.0,2991.0,7069.0,10060.0,2976.0,3.379240846489755,-1
2025-05,Maharashtra,Pune,340823137,610.0,6164.0,5445.0,5785.0,11230.0,6774.0,1.6575645756457564,-1
2025-05,Maharashtra,Thane,208176041,565.0,6582.0,4362.0,7235.0,11597.0,7147.0,1.62241186345831,-1
2025-05,Maharashtra,Wardha,38912327,20.0,276.0,924.0,2312.0,3236.0,296.0,10.895622895622896,-1
2025-05,Maharashtra,Yavatmal,71680082,80.0,1602.0,1248.0,5082.0,6330.0,1682.0,3.7611408199643495,-1
2025-06,Arunachal Pradesh,Upper Subansiri,3955610,4.0,4.0,62.0,18.0,80.0,8.0,8.88888888888889,-1
2025-06,Maharashtra,Ahmadnagar,205813637,288.0,7496.0,2861.0,3160.0,6021.0,7784.0,0.7734104046242775,-1
2025-06,Maharashtra,Nanded,103181162,279.0,9191.0,1539.0,2723.0,4262.0,9470.0,0.450005279273572,-1
2025-06,Maharashtra,Nashik,158045003,385.0,8025.0,2352.0,3962.0,6314.0,8410.0,0.7506836285816193,-1
2025-06,Maharashtra,Pune,321468816,840.0,11560.0,4263.0,3426.0,7689.0,12400.0,0.6200306426901057,-1
2025-06,Maharashtra,Solapur,160754426,218.0,11368.0,1684.0,1610.0,3294.0,11586.0,0.284284111504272,-1
2025-06,Maharashtra,Thane,194787991,778.0,9879.0,2803.0,4387.0,7190.0,10657.0,0.6746106211296679,-1
2025-06,Nagaland,Meluri,2391342,0.0,2.0,2.0,33.0,35.0,2.0,11.666666666666666,-1
2025-06,West Bengal,Jalpaiguri,299982508,368.0,6755.0,328.0,524.0,852.0,7123.0,0.11959573273441887,-1
2025-06,West Bengal,Murshidabad,402399285,1226.0,12234.0,1353.0,1908.0,3261.0,13460.0,0.24225540450189437,-1
2025-06,West Bengal,North 24 Parganas,614115473,691.0,11153.0,1191.0,1657.0,2848.0,11844.0,0.24043900379907135,-1
2025-06,West Bengal,Paschim Medinipur,360637814,671.0,9945.0,1036.0,1344.0,2380.0,10616.0,0.2241687859093906,-1
2025-06,West Bengal,South 24 Parganas,380019098,1211.0,15547.0,1304.0,1872.0,3176.0,16758.0,0.1895101139686139,-1
2025-06,West Bengal,Uttar Dinajpur,118774543,509.0,7974.0,489.0,1064.0,1553.0,8483.0,0.18305044790193306,-1
2025-07,Arunachal Pradesh,Kurung Kumey,2373354,0.0,0.0,24.0,4.0,28.0,0.0,28.0,-1
2025-07,Arunachal Pradesh,Namsai,13465760,1.0,27.0,193.0,28.0,221.0,28.0,7.620689655172414,-1
2025-07,Chhattisgarh,Narayanpur,2473305,19.0,34.0,282.0,129.0,411.0,53.0,7.611111111111111,-1
2025-07,Jammu and Kashmir,Ramban,3825047,15.0,40.0,559.0,57.0,616.0,55.0,11.0,-1
2025-07,Maharashtra,Ahmadnagar,178745066,221.0,9425.0,1500.0,1938.0,3438.0,9646.0,0.3563802218306209,-1
2025-07,Maharashtra,Nashik,150005416,241.0,6869.0,1885.0,4547.0,6432.0,7110.0,0.9045141330333286,-1
2025-07,Maharashtra,Pune,265074789,507.0,7362.0,2811.0,3013.0,5824.0,7869.0,0.7400254129606099,-1
2025-07,Maharashtra,Thane,166512916,462.0,5948.0,2848.0,4410.0,7258.0,6410.0,1.132116674465762,-1
2025-07,Nagaland,Meluri,3188456,0.0,2.0,8.0,47.0,55.0,2.0,18.333333333333332,-1
2025-08,Bihar,East Champaran,225763543,891.0,11049.0,1098.0,1524.0,2622.0,11940.0,0.2195795996985177,-1
2025-08,Bihar,Madhubani,255001654,628.0,8396.0,958.0,1468.0,2426.0,9024.0,0.268808864265928,-1
2025-08,Bihar,Muzaffarpur,278242992,655.0,8253.0,713.0,1101.0,1814.0,8908.0,0.20361432259512852,-1
2025-08,Bihar,Patna,346385407,877.0,10159.0,778.0,1120.0,1898.0,11036.0,0.17196702002355713,-1
2025-08,Bihar,Samastipur,236639570,615.0,8890.0,891.0,1292.0,2183.0,9505.0,0.2296444350936251,-1
2025-08,Bihar,Sitamarhi,151796329,550.0,8027.0,866.0,1239.0,2105.0,8577.0,0.24539519701562135,-1
2025-08,Bihar,West Champaran,113271978,788.0,10824.0,716.0,1099.0,1815.0,11612.0,0.1562903642469646,-1
2025-08,Maharashtra,Ahmadnagar,231978185,395.0,8009.0,3666.0,4921.0,8587.0,8404.0,1.021653777513385,-1
2025-08,Maharashtra,Chatrapati Sambhaji Nagar,1293004,1.0,0.0,3.0,16.0,19.0,1.0,9.5,-1
2025-08,Maharashtra,Jalgaon,157227579,225.0,5240.0,3158.0,6143.0,9301.0,5465.0,1.7016099524332235,-1
2025-08,Maharashtra,Nanded,122609530,283.0,10843.0,3094.0,4654.0,7748.0,11126.0,0.6963242563134717,-1
2025-08,Maharashtra,Nashik,203252510,521.0,8438.0,5025.0,9602.0,14627.0,8959.0,1.6324776785714286,-1
2025-08,Maharashtra,Pune,377850902,913.0,11830.0,6530.0,6179.0,12709.0,12743.0,0.9972536095417451,-1
2025-08,Maharashtra,Solapur,188865639,302.0,10126.0,3831.0,3469.0,7300.0,10428.0,0.6999712340588743,-1
2025-08,Maharashtra,Thane,239304665,879.0,11800.0,5290.0,7996.0,13286.0,12679.0,1.0477917981072555,-1
2025-08,Maharashtra,Yavatmal,98836689,184.0,8571.0,2274.0,6928.0,9202.0,8755.0,1.0509365006852445,-1
2025-08,Nagaland,Meluri,4782684,0.0,4.0,10.0,77.0,87.0,4.0,17.4,-1
2025-08,Rajasthan,Jaipur,154774831,646.0,5184.0,4887.0,2751.0,7638.0,5830.0,1.309895386726119,-1
2025-08,West Bengal,Barddhaman,703256300,545.0,8958.0,1146.0,1903.0,3049.0,9503.0,0.3208122895622896,-1
2025-08,West Bengal,Jalpaiguri,330863025,411.0,8399.0,465.0,848.0,1313.0,8810.0,0.14901827261377823,-1
2025-08,West Bengal,Murshidabad,414915375,1004.0,11296.0,1332.0,2107.0,3439.0,12300.0,0.2795707666043411,-1
2025-08,West Bengal,North 24 Parganas,619989188,444.0,9524.0,1378.0,2172.0,3550.0,9968.0,0.35610392215869197,-1
2025-08,West Bengal,Paschim Medinipur,351965045,535.0,8443.0,1371.0,1651.0,3022.0,8978.0,0.33656309165831383,-1
2025-08,West Bengal,South 24 Parganas,378271558,703.0,11852.0,1410.0,2244.0,3654.0,12555.0,0.29101624721248803,-1
2025-09,Chhattisgarh,Dantewada,15329739,25.0,34.0,170.0,267.0,437.0,59.0,7.283333333333333,-1
2025-09,Chhattisgarh,Durg,78004243,210.0,1254.0,4282.0,1607.0,5889.0,1464.0,4.019795221843004,-1
2025-09,Madhya Pradesh,Harda,8303684,9.0,80.0,294.0,407.0,701.0,89.0,7.788888888888889,-1
2025-09,Maharashtra,Amravati,107622319,126.0,1172.0,1956.0,4225.0,6181.0,1298.0,4.758275596612779,-1
2025-09,Maharashtra,Nashik,177484751,386.0,3785.0,4374.0,6132.0,10506.0,4171.0,2.5182166826462127,-1
2025-09,Maharashtra,Pune,330978225,680.0,6528.0,5209.0,4311.0,9520.0,7208.0,1.3205715078374254,-1
2025-09,Maharashtra,Thane,208182329,536.0,6201.0,3574.0,6064.0,9638.0,6737.0,1.4303947758978925,-1
2025-09,Nagaland,Meluri,3985570,0.0,3.0,7.0,59.0,66.0,3.0,16.5,-1
2025-09,Rajasthan,Barmer,46821154,124.0,963.0,3297.0,1503.0,4800.0,1087.0,4.411764705882353,-1
2025-09,Rajasthan,Jaipur,114194899,360.0,2796.0,4935.0,3361.0,8296.0,3156.0,2.627811213177067,-1
2025-09,Rajasthan,Nagaur,72906043,128.0,945.0,3467.0,1792.0,5259.0,1073.0,4.896648044692737,-1
2025-10,Assam,West Karbi Anglong,14084305,0.0,14.0,36.0,97.0,133.0,14.0,8.866666666666667,-1
2025-10,Bihar,East Champaran,222372886,561.0,8354.0,1398.0,2210.0,3608.0,8915.0,0.4046657694033199,-1
2025-10,Chhattisgarh,Dantewada,18295745,27.0,32.0,222.0,292.0,514.0,59.0,8.566666666666666,-1
2025-10,Maharashtra,Ahmadnagar,214115428,283.0,8946.0,2670.0,2631.0,5301.0,9229.0,0.5743228602383532,-1
2025-10,Maharashtra,Nanded,116564659,247.0,9160.0,3008.0,2962.0,5970.0,9407.0,0.6345663265306123,-1
2025-10,Maharashtra,Nashik,200729977,380.0,8389.0,4319.0,5263.0,9582.0,8769.0,1.092588369441277,-1
2025-10,Maharashtra,Pune,375398573,877.0,12775.0,5425.0,4306.0,9731.0,13652.0,0.7127371273712737,-1
2025-10,Maharashtra,Solapur,177695671,256.0,9863.0,3199.0,2286.0,5485.0,10119.0,0.5419960474308301,-1
2025-10,Maharashtra,Thane,224998218,685.0,9823.0,3532.0,5288.0,8820.0,10508.0,0.8392806166143306,-1
2025-10,Maharashtra,Yavatmal,89487843,160.0,8453.0,2008.0,3921.0,5929.0,8613.0,0.6882981193406084,-1
2025-10,Nagaland,Meluri,3985570,0.0,6.0,15.0,52.0,67.0,6.0,9.571428571428571,-1
2025-10,West Bengal,Jalpaiguri,313944926,446.0,8710.0,482.0,764.0,1246.0,9156.0,0.1360707655345637,-1
2025-10,West Bengal,Murshidabad,409043957,737.0,9048.0,1373.0,2069.0,3442.0,9785.0,0.3517269568771715,-1
2025-10,West Bengal,North 24 Parganas,661980228,464.0,9377.0,1519.0,2215.0,3734.0,9841.0,0.379394432026011,-1
2025-10,West Bengal,Paschim Medinipur,404660017,615.0,10695.0,1231.0,1478.0,2709.0,11310.0,0.2395013703474494,-1
2025-10,West Bengal,South 24 Parganas,396556117,665.0,11053.0,1257.0,1799.0,3056.0,11718.0,0.2607731035071252,-1
2025-11,Arunachal Pradesh,Kurung Kumey,3955590,0.0,4.0,50.0,14.0,64.0,4.0,12.8,-1
2025-11,Jammu and Kashmir,Shupiyan,959224,2.0,27.0,170.0,79.0,249.0,29.0,8.3,-1
2025-11,Maharashtra,Ahmadnagar,225343058,293.0,7671.0,4841.0,3552.0,8393.0,7964.0,1.0537350910232266,-1
2025-11,Maharashtra,Amravati,113401059,164.0,2926.0,2709.0,4466.0,7175.0,3090.0,2.3212552571983176,-1
2025-11,Maharashtra,Mumbai,222469120,276.0,4871.0,2589.0,5356.0,7945.0,5147.0,1.5433177933177933,-1
2025-11,Maharashtra,Nanded,114405907,244.0,8514.0,3288.0,3718.0,7006.0,8758.0,0.7998629980591392,-1
2025-11,Maharashtra,Nashik,182973264,410.0,7094.0,5313.0,7003.0,12316.0,7504.0,1.641039307128581,-1
2025-11,Maharashtra,Pune,343694348,791.0,11451.0,6355.0,5262.0,11617.0,12242.0,0.9488687413215715,-1
2025-11,Maharashtra,Solapur,173976113,281.0,9133.0,4035.0,2904.0,6939.0,9414.0,0.7370154009559214,-1
2025-11,Maharashtra,Thane,227951623,720.0,10505.0,4914.0,7330.0,12244.0,11225.0,1.0906823445572777,-1
2025-11,Maharashtra,Yavatmal,88596647,161.0,7117.0,2418.0,5653.0,8071.0,7278.0,1.1088061546915786,-1
2025-11,Nagaland,Meluri,4782684,0.0,5.0,40.0,74.0,114.0,5.0,19.0,-1
2025-11,Rajasthan,Jaipur,145670120,604.0,4974.0,4904.0,4080.0,8984.0,5578.0,1.6103244309015952,-1
2025-11,West Bengal,Murshidabad,417928169,768.0,8744.0,1655.0,2453.0,4108.0,9512.0,0.4318301271943656,-1
2025-11,West Bengal,North 24 Parganas,642341222,393.0,8575.0,1704.0,2249.0,3953.0,8968.0,0.4407403277957409,-1
2025-11,West Bengal,South 24 Parganas,388463283,730.0,9707.0,1599.0,2361.0,3960.0,10437.0,0.3793830235677333,-1
2025-12,Arunachal Pradesh,Shi-yomi,2373009,0.0,0.0,12.0,18.0,30.0,0.0,30.0,-1
2025-12,Maharashtra,Ahmadnagar,236854935,345.0,11860.0,6181.0,3867.0,10048.0,12205.0,0.8232017040799606,-1
2025-12,Maharashtra,Beed,74564864,348.0,7613.0,4038.0,2265.0,6303.0,7961.0,0.7916352675207234,-1
2025-12,Maharashtra,Buldhana,85606311,157.0,7043.0,2818.0,3050.0,5868.0,7200.0,0.8148868212748229,-1
2025-12,Maharashtra,Jalgaon,161052417,237.0,6932.0,3915.0,4595.0,8510.0,7169.0,1.1868898186889818,-1
2025-12,Maharashtra,Kolhapur,200602279,282.0,6377.0,3339.0,2936.0,6275.0,6659.0,0.9421921921921922,-1
2025-12,Maharashtra,Mumbai,242886721,251.0,5267.0,3015.0,6562.0,9577.0,5518.0,1.7352781300960318,-1
2025-12,Maharashtra,Nagpur,180201557,384.0,5903.0,2756.0,4784.0,7540.0,6287.0,1.1991094147582697,-1
2025-12,Maharashtra,Nanded,118291909,310.0,15074.0,3748.0,3380.0,7128.0,15384.0,0.4633084172895678,-1
2025-12,Maharashtra,Nashik,204101374,610.0,11997.0,5686.0,8046.0,13732.0,12607.0,1.0891497461928934,-1
2025-12,Maharashtra,Pune,378276995,1092.0,15619.0,8250.0,6111.0,14361.0,16711.0,0.8593226424126377,-1
2025-12,Maharashtra,Solapur,189268057,325.0,14734.0,5031.0,3179.0,8210.0,15059.0,0.5451527224435591,-1
2025-12,Maharashtra,Thane,227565623,799.0,12167.0,5490.0,8157.0,13647.0,12966.0,1.0524408112901982,-1
2025-12,Maharashtra,Yavatmal,89487378,170.0,10479.0,2732.0,5891.0,8623.0,10649.0,0.8096713615023474,-1
2025-12,Rajasthan,Jaipur,148401650,748.0,5914.0,4134.0,3404.0,7538.0,6662.0,1.1313222272249737,-1
2025-12,Uttar Pradesh,Allahabad,64045770,1042.0,7703.0,2736.0,1493.0,4229.0,8745.0,0.4835353304367711,-1
2025-12,Uttar Pradesh,Bijnor,44906648,563.0,8114.0,2516.0,1394.0,3910.0,8677.0,0.45056464623185066,-1
2025-12,West Bengal,Jalpaiguri,321306096,407.0,8548.0,707.0,1050.0,1757.0,8955.0,0.19618133095131754,-1
2025-12,West Bengal,Murshidabad,417899871,920.0,10014.0,1674.0,2437.0,4111.0,10934.0,0.3759487882944673,-1
2025-12,West Bengal,North 24 Parganas,632454571,476.0,10477.0,1603.0,2336.0,3939.0,10953.0,0.35959466861420486,-1
2025-12,West Bengal,Paschim Medinipur,357212090,677.0,8090.0,1504.0,1636.0,3140.0,8767.0,0.3581204379562044,-1
2025-12,West Bengal,South 24 Parganas,374729323,681.0,11874.0,1542.0,2013.0,3555.0,12555.0,0.28313157056387384,-1
