state,district,anomaly_count,avg_severity,max_severity,risk_score
Andaman & Nicobar Islands,Andamans,1,29.970588235294116,29.970588235294116,29.970588235294116
Andaman and Nicobar Islands,North And Middle Andaman,1,4.5292841648590025,4.5292841648590025,4.5292841648590025
Andaman and Nicobar Islands,South Andaman,1,9.930599369085174,9.930599369085174,9.930599369085174
Andhra Pradesh,Adilabad,1,4.46822685343355,4.46822685343355,4.46822685343355
Andhra Pradesh,Alluri Sitharama Raju,1,2.0473655223058564,2.0473655223058564,2.0473655223058564
Andhra Pradesh,Anantapur,1,2.3242747440273037,2.3242747440273037,2.3242747440273037
Andhra Pradesh,Ananthapur,1,5.860370194589463,5.860370194589463,5.860370194589463
Andhra Pradesh,Ananthapuramu,1,2.579570757050965,2.579570757050965,2.579570757050965
Andhra Pradesh,Annamayya,1,0.28674663968781616,0.28674663968781616,0.28674663968781616
Andhra Pradesh,Chittoor,1,1.8708009742199347,1.8708009742199347,1.8708009742199347
Andhra Pradesh,Cuddapah,1,3.9966498559077808,3.9966498559077808,3.9966498559077808
Andhra Pradesh,East Godavari,1,2.860854494984358,2.860854494984358,2.860854494984358
Andhra Pradesh,Guntur,1,2.1863629740060304,2.1863629740060304,2.1863629740060304
Andhra Pradesh,Hyderabad,1,7.633983759544297,7.633983759544297,7.633983759544297
Andhra Pradesh,K.v. Rangareddy,1,9.285714285714286,9.285714285714286,9.285714285714286
Andhra Pradesh,Kakinada,1,0.5038129496402878,0.5038129496402878,0.5038129496402878
Andhra Pradesh,Karim Nagar,1,8.73913043478261,8.73913043478261,8.73913043478261
Andhra Pradesh,Karimnagar,1,5.948142414860681,5.948142414860681,5.948142414860681
Andhra Pradesh,Khammam,1,3.270875179340029,3.270875179340029,3.270875179340029
Andhra Pradesh,Krishna,1,3.5484402180215704,3.5484402180215704,3.5484402180215704
Andhra Pradesh,Kurnool,1,2.3859720634289405,2.3859720634289405,2.3859720634289405
Andhra Pradesh,Mahbubnagar,1,3.7739686228936664,3.7739686228936664,3.7739686228936664
Andhra Pradesh,Medak,1,4.547448522829006,4.547448522829006,4.547448522829006
Andhra Pradesh,N. T. R,1,0.452149025908817,0.452149025908817,0.452149025908817
Andhra Pradesh,Nalgonda,1,3.9090152565880723,3.9090152565880723,3.9090152565880723
Andhra Pradesh,Nandyal,1,0.3672584051601119,0.3672584051601119,0.3672584051601119
Andhra Pradesh,Nellore,1,5.430383663366337,5.430383663366337,5.430383663366337
Andhra Pradesh,Nizamabad,1,7.2331034482758625,7.2331034482758625,7.2331034482758625
Andhra Pradesh,Palnadu,1,0.4559032236264108,0.4559032236264108,0.4559032236264108
Andhra Pradesh,Parvathipuram Manyam,1,2.103271692745377,2.103271692745377,2.103271692745377
Andhra Pradesh,Prakasam,1,3.392510140552778,3.392510140552778,3.392510140552778
Andhra Pradesh,Rangareddi,1,7.369951534733441,7.369951534733441,7.369951534733441
Andhra Pradesh,Sri Potti Sriramulu Nellore,1,0.6895211975774197,0.6895211975774197,0.6895211975774197
Andhra Pradesh,Sri Sathya Sai,1,0.6813843733613004,0.6813843733613004,0.6813843733613004
Andhra Pradesh,Srikakulam,1,1.8051268849838091,1.8051268849838091,1.8051268849838091
Andhra Pradesh,Tirupati,1,0.36867169340665573,0.36867169340665573,0.36867169340665573
Andhra Pradesh,Visakhapatnam,1,2.732887037841429,2.732887037841429,2.732887037841429
Andhra Pradesh,Vizianagaram,1,2.98171768707483,2.98171768707483,2.98171768707483
Andhra Pradesh,Warangal,1,3.5002453987730062,3.5002453987730062,3.5002453987730062
Andhra Pradesh,West Godavari,1,2.5116835390375813,2.5116835390375813,2.5116835390375813
Andhra Pradesh,Y. S. R,1,0.33209096651926723,0.33209096651926723,0.33209096651926723
Arunachal Pradesh,Dibang Valley,1,51.75,51.75,51.75
Arunachal Pradesh,East Kameng,1,34.55223880597015,34.55223880597015,34.55223880597015
Arunachal Pradesh,East Siang,1,6.609442060085837,6.609442060085837,6.609442060085837
Arunachal Pradesh,Kamle,1,8.0,8.0,8.0
Arunachal Pradesh,Kra Daadi,1,6.770370370370371,6.770370370370371,6.770370370370371
Arunachal Pradesh,Kurung Kumey,3,40.08387096774194,79.45161290322581,120.2516129032258
Arunachal Pradesh,Lohit,1,7.327702702702703,7.327702702702703,7.327702702702703
Arunachal Pradesh,Namsai,1,7.620689655172414,7.620689655172414,7.620689655172414
Arunachal Pradesh,Pakke Kessang,1,18.0,18.0,18.0
Arunachal Pradesh,Shi-yomi,2,26.5,30.0,53.0
Arunachal Pradesh,Tawang,1,6.699386503067485,6.699386503067485,6.699386503067485
Arunachal Pradesh,Upper Siang,1,11.338235294117647,11.338235294117647,11.338235294117647
Arunachal Pradesh,Upper Subansiri,1,8.88888888888889,8.88888888888889,8.88888888888889
Arunachal Pradesh,West Kameng,1,13.87832699619772,13.87832699619772,13.87832699619772
Assam,Baksa,1,1.8000371678126743,1.8000371678126743,1.8000371678126743
Assam,Barpeta,1,2.65944237498589,2.65944237498589,2.65944237498589
Assam,Bongaigaon,1,0.9143374125041664,0.9143374125041664,0.9143374125041664
Assam,Cachar,1,2.406814171304466,2.406814171304466,2.406814171304466
Assam,Chirang,1,5.943127962085308,5.943127962085308,5.943127962085308
Assam,Darrang,1,1.8321587052988775,1.8321587052988775,1.8321587052988775
Assam,Dhemaji,1,1.4219563687543983,1.4219563687543983,1.4219563687543983
Assam,Dhubri,1,1.4801871938418474,1.4801871938418474,1.4801871938418474
Assam,Dibrugarh,1,2.6643145161290325,2.6643145161290325,2.6643145161290325
Assam,Goalpara,1,0.7744810983147895,0.7744810983147895,0.7744810983147895
Assam,Golaghat,1,0.9434889434889435,0.9434889434889435,0.9434889434889435
Assam,Hailakandi,1,2.8784871244635193,2.8784871244635193,2.8784871244635193
Assam,Hojai,1,1.8050156739811911,1.8050156739811911,1.8050156739811911
Assam,Jorhat,1,1.2648727508510293,1.2648727508510293,1.2648727508510293
Assam,Kamrup,1,2.461346881848974,2.461346881848974,2.461346881848974
Assam,Kamrup Metro,1,2.473801395279798,2.473801395279798,2.473801395279798
Assam,Karbi Anglong,1,2.1456657730116175,2.1456657730116175,2.1456657730116175
Assam,Karimganj,1,1.833609958506224,1.833609958506224,1.833609958506224
Assam,Kokrajhar,1,2.837201907790143,2.837201907790143,2.837201907790143
Assam,Lakhimpur,1,1.230267274515062,1.230267274515062,1.230267274515062
Assam,Marigaon,1,1.6049718903724526,1.6049718903724526,1.6049718903724526
Assam,Nagaon,1,2.094326942083416,2.094326942083416,2.094326942083416
Assam,Nalbari,1,1.3864864864864865,1.3864864864864865,1.3864864864864865
Assam,Sonitpur,1,1.3263042005420054,1.3263042005420054,1.3263042005420054
Assam,South Salmara Mankachar,1,0.24102678075341705,0.24102678075341705,0.24102678075341705
Assam,Tinsukia,1,1.2313683071930774,1.2313683071930774,1.2313683071930774
Assam,Udalguri,1,2.0788927335640137,2.0788927335640137,2.0788927335640137
Assam,West Karbi Anglong,1,8.866666666666667,8.866666666666667,8.866666666666667
Bihar,Araria,1,2.6332633658476357,2.6332633658476357,2.6332633658476357
Bihar,Arwal,1,2.7094776521270867,2.7094776521270867,2.7094776521270867
Bihar,Aurangabad,1,2.0757056185702982,2.0757056185702982,2.0757056185702982
Bihar,Banka,1,2.357852189971776,2.357852189971776,2.357852189971776
Bihar,Begusarai,1,2.7945057382048013,2.7945057382048013,2.7945057382048013
Bihar,Bhagalpur,1,1.914437678254837,1.914437678254837,1.914437678254837
Bihar,Bhojpur,1,1.8044501023966348,1.8044501023966348,1.8044501023966348
Bihar,Buxar,1,1.750946357677038,1.750946357677038,1.750946357677038
Bihar,Darbhanga,1,3.573560822460691,3.573560822460691,3.573560822460691
Bihar,East Champaran,5,0.7398661829785791,2.388107925230483,3.6993309148928954
Bihar,Gaya,1,2.1860646230323115,2.1860646230323115,2.1860646230323115
Bihar,Gopalganj,1,2.4432996867386008,2.4432996867386008,2.4432996867386008
Bihar,Jamui,1,2.7640956732061275,2.7640956732061275,2.7640956732061275
Bihar,Jehanabad,1,2.1287292337131425,2.1287292337131425,2.1287292337131425
Bihar,Kaimur (Bhabua),1,4.556273142168259,4.556273142168259,4.556273142168259
Bihar,Katihar,1,2.84270468302007,2.84270468302007,2.84270468302007
Bihar,Khagaria,1,3.297182054134223,3.297182054134223,3.297182054134223
Bihar,Kishanganj,1,2.2140460014733567,2.2140460014733567,2.2140460014733567
Bihar,Lakhisarai,1,3.262301707588158,3.262301707588158,3.262301707588158
Bihar,Madhepura,1,3.589984853352917,3.589984853352917,3.589984853352917
Bihar,Madhubani,2,1.7634389649129132,3.2580690655598983,3.5268779298258264
Bihar,Munger,1,2.0863928192981365,2.0863928192981365,2.0863928192981365
Bihar,Muzaffarpur,2,1.4461054903806532,2.688596658166178,2.8922109807613063
Bihar,Nalanda,3,1.0124618423895189,2.6377829560585884,3.0373855271685564
Bihar,Nawada,1,2.90112066467008,2.90112066467008,2.90112066467008
Bihar,Patna,3,1.046792529219106,2.6950983313468413,3.1403775876573183
Bihar,Purnea,1,42.273972602739725,42.273972602739725,42.273972602739725
Bihar,Purnia,1,5.065352664329259,5.065352664329259,5.065352664329259
Bihar,Rohtas,1,2.8847288676236045,2.8847288676236045,2.8847288676236045
Bihar,Saharsa,1,3.3555487350374884,3.3555487350374884,3.3555487350374884
Bihar,Samastipur,2,1.4062531814470731,2.582861927800521,2.8125063628941462
Bihar,Saran,1,1.972821825085641,1.972821825085641,1.972821825085641
Bihar,Sheikhpura,1,4.0379788639365914,4.0379788639365914,4.0379788639365914
Bihar,Sheohar,1,2.3319605505581444,2.3319605505581444,2.3319605505581444
Bihar,Sitamarhi,2,1.2610027712733578,2.276610345531094,2.5220055425467156
Bihar,Siwan,1,2.4628687066903785,2.4628687066903785,2.4628687066903785
Bihar,Supaul,1,2.2451908671420866,2.2451908671420866,2.2451908671420866
Bihar,Vaishali,1,2.4893775461036403,2.4893775461036403,2.4893775461036403
Bihar,West Champaran,3,0.8450617792872755,2.1255050553869355,2.5351853378618268
Chandigarh,Chandigarh,1,1.0443750657733188,1.0443750657733188,1.0443750657733188
Chhattisgarh,Balod,1,1.4402782908508804,1.4402782908508804,1.4402782908508804
Chhattisgarh,Baloda Bazar,1,1.5786307704365545,1.5786307704365545,1.5786307704365545
Chhattisgarh,Balrampur,1,0.8160318866253321,0.8160318866253321,0.8160318866253321
Chhattisgarh,Bastar,1,1.6832988879047337,1.6832988879047337,1.6832988879047337
Chhattisgarh,Bemetara,1,2.4386707393368416,2.4386707393368416,2.4386707393368416
Chhattisgarh,Bijapur,1,4.448845750262329,4.448845750262329,4.448845750262329
Chhattisgarh,Bilaspur,1,1.40663755684167,1.40663755684167,1.40663755684167
Chhattisgarh,Dakshin Bastar Dantewada,1,13.17282958199357,13.17282958199357,13.17282958199357
Chhattisgarh,Dantewada,3,13.717765567765568,25.303296703296702,41.153296703296704
Chhattisgarh,Dhamtari,1,2.3938752014736355,2.3938752014736355,2.3938752014736355
Chhattisgarh,Durg,3,3.752287660667464,4.814119749776586,11.256862982002392
Chhattisgarh,Gariyaband,1,4.549890258315043,4.549890258315043,4.549890258315043
Chhattisgarh,Janjgir-champa,1,1.8916567385104155,1.8916567385104155,1.8916567385104155
Chhattisgarh,Jashpur,1,1.1331259631299584,1.1331259631299584,1.1331259631299584
Chhattisgarh,Kabeerdham,1,0.9474604898057667,0.9474604898057667,0.9474604898057667
Chhattisgarh,Kanker,1,3.7482198038425367,3.7482198038425367,3.7482198038425367
Chhattisgarh,Kawardha,1,0.942145882899089,0.942145882899089,0.942145882899089
Chhattisgarh,Kondagaon,1,0.9024459051541739,0.9024459051541739,0.9024459051541739
Chhattisgarh,Korba,1,1.2564219365827574,1.2564219365827574,1.2564219365827574
Chhattisgarh,Koriya,1,3.2115140525838624,3.2115140525838624,3.2115140525838624
Chhattisgarh,Mahasamund,1,0.6639893605880998,0.6639893605880998,0.6639893605880998
Chhattisgarh,ManendragarhChirmiriBharatpur,1,312.0,312.0,312.0
Chhattisgarh,Mungeli,1,1.0735509997468995,1.0735509997468995,1.0735509997468995
Chhattisgarh,Narayanpur,2,4.362506228201295,7.611111111111111,8.72501245640259
Chhattisgarh,Raigarh,1,2.9630147940823672,2.9630147940823672,2.9630147940823672
Chhattisgarh,Raipur,1,1.3294189985893927,1.3294189985893927,1.3294189985893927
Chhattisgarh,Rajnandgaon,1,0.9731746332428279,0.9731746332428279,0.9731746332428279
Chhattisgarh,Sukma,1,8.524879614767256,8.524879614767256,8.524879614767256
Chhattisgarh,Surajpur,1,3.469117781224341,3.469117781224341,3.469117781224341
Chhattisgarh,Surguja,1,0.749465672731064,0.749465672731064,0.749465672731064
Chhattisgarh,Uttar Bastar Kanker,1,9.804386484884411,9.804386484884411,9.804386484884411
Dadra & Nagar Haveli,Dadra & Nagar Haveli,1,92.66666666666667,92.66666666666667,92.66666666666667
Dadra and Nagar Haveli,Dadra and Nagar Haveli,1,9.343665035345296,9.343665035345296,9.343665035345296
Dadra and Nagar Haveli and Daman and Diu,Dadra and Nagar Haveli,1,43.21052631578947,43.21052631578947,43.21052631578947
Daman & Diu,Daman,2,24.375,40.416666666666664,48.75
Daman & Diu,Diu,1,143.33333333333334,143.33333333333334,143.33333333333334
Daman and Diu,Daman,1,11.06637168141593,11.06637168141593,11.06637168141593
Daman and Diu,Diu,1,352.8,352.8,352.8
Delhi,Central Delhi,1,1.175138506251703,1.175138506251703,1.175138506251703
Delhi,East Delhi,1,0.6118763307126763,0.6118763307126763,0.6118763307126763
Delhi,Najafgarh,1,148.5,148.5,148.5
Delhi,North Delhi,1,0.6297638496955295,0.6297638496955295,0.6297638496955295
Delhi,North East,1,10.799159411588112,10.799159411588112,10.799159411588112
Delhi,North East Delhi,1,0.9400541336245786,0.9400541336245786,0.9400541336245786
Delhi,North West Delhi,1,1.0125282584216544,1.0125282584216544,1.0125282584216544
Delhi,Shahdara,1,0.3014941302027748,0.3014941302027748,0.3014941302027748
Delhi,South Delhi,1,1.0993848329269662,1.0993848329269662,1.0993848329269662
Delhi,South East Delhi,1,11.121951219512194,11.121951219512194,11.121951219512194
Delhi,South West Delhi,1,0.8858121707849771,0.8858121707849771,0.8858121707849771
Delhi,West Delhi,1,0.7518208747168497,0.7518208747168497,0.7518208747168497
Goa,North Goa,1,4.883236746082851,4.883236746082851,4.883236746082851
Goa,South Goa,1,5.374140666314119,5.374140666314119,5.374140666314119
Gujarat,Ahmadabad,1,45.09944751381215,45.09944751381215,45.09944751381215
Gujarat,Ahmedabad,1,2.1885626199579864,2.1885626199579864,2.1885626199579864
Gujarat,Amreli,1,5.388938053097345,5.388938053097345,5.388938053097345
Gujarat,Anand,1,6.2828967407858665,6.2828967407858665,6.2828967407858665
Gujarat,Arvalli,1,9.188888888888888,9.188888888888888,9.188888888888888
Gujarat,Banas Kantha,1,12.545454545454545,12.545454545454545,12.545454545454545
Gujarat,Banaskantha,1,3.409220338983051,3.409220338983051,3.409220338983051
Gujarat,Bharuch,1,2.170042489996287,2.170042489996287,2.170042489996287
Gujarat,Bhavnagar,1,5.114527210716227,5.114527210716227,5.114527210716227
Gujarat,Botad,1,4.190091356289529,4.190091356289529,4.190091356289529
Gujarat,Chhotaudepur,1,7.4526592635885445,7.4526592635885445,7.4526592635885445
Gujarat,Dahod,1,5.6670741646291765,5.6670741646291765,5.6670741646291765
Gujarat,Devbhumi Dwarka,1,9.550592034445641,9.550592034445641,9.550592034445641
Gujarat,Dohad,1,9.314063848144952,9.314063848144952,9.314063848144952
Gujarat,Gandhinagar,1,1.5082676030502344,1.5082676030502344,1.5082676030502344
Gujarat,Gir Somnath,1,5.92911877394636,5.92911877394636,5.92911877394636
Gujarat,Jamnagar,1,3.6262425447316105,3.6262425447316105,3.6262425447316105
Gujarat,Junagadh,1,6.026838797350093,6.026838797350093,6.026838797350093
Gujarat,Kachchh,1,2.8772954138807796,2.8772954138807796,2.8772954138807796
Gujarat,Kheda,1,3.9637974922221173,3.9637974922221173,3.9637974922221173
Gujarat,Mahesana,1,3.1306486320319706,3.1306486320319706,3.1306486320319706
Gujarat,Mahisagar,1,10.266859344894026,10.266859344894026,10.266859344894026
Gujarat,Morbi,1,2.052771580573194,2.052771580573194,2.052771580573194
Gujarat,Narmada,1,4.031067697734365,4.031067697734365,4.031067697734365
Gujarat,Navsari,1,2.616252243014612,2.616252243014612,2.616252243014612
Gujarat,Panchmahals,1,8.080524795377949,8.080524795377949,8.080524795377949
Gujarat,Patan,1,5.78496891651865,5.78496891651865,5.78496891651865
Gujarat,Porbandar,1,5.4165725897493795,5.4165725897493795,5.4165725897493795
Gujarat,Rajkot,1,1.5830063173063316,1.5830063173063316,1.5830063173063316
Gujarat,Sabar Kantha,1,7.75,7.75,7.75
Gujarat,Sabarkantha,1,4.4324926849658635,4.4324926849658635,4.4324926849658635
Gujarat,Surat,1,0.9068767370239615,0.9068767370239615,0.9068767370239615
Gujarat,Surendra Nagar,1,4.42902033271719,4.42902033271719,4.42902033271719
Gujarat,Tapi,1,6.214546283629731,6.214546283629731,6.214546283629731
Gujarat,The Dangs,1,7.089056851790995,7.089056851790995,7.089056851790995
Gujarat,Vadodara,1,3.9776068570131122,3.9776068570131122,3.9776068570131122
Gujarat,Valsad,1,2.4172232131745965,2.4172232131745965,2.4172232131745965
Haryana,Ambala,1,3.0958203368683717,3.0958203368683717,3.0958203368683717
Haryana,Bhiwani,1,4.293920504055231,4.293920504055231,4.293920504055231
Haryana,Faridabad,1,0.6969857068729657,0.6969857068729657,0.6969857068729657
Haryana,Fatehabad,1,1.6217389717955266,1.6217389717955266,1.6217389717955266
Haryana,Gurgaon,1,0.6228269619126972,0.6228269619126972,0.6228269619126972
Haryana,Hisar,1,2.047222526569519,2.047222526569519,2.047222526569519
Haryana,Jhajjar,1,2.0478177512123605,2.0478177512123605,2.0478177512123605
Haryana,Jind,1,2.0905896563083344,2.0905896563083344,2.0905896563083344
Haryana,Kaithal,1,2.072123487053777,2.072123487053777,2.072123487053777
Haryana,Karnal,1,1.9465755199896326,1.9465755199896326,1.9465755199896326
Haryana,Kurukshetra,1,2.832164359754205,2.832164359754205,2.832164359754205
Haryana,Mahendragarh,1,1.8607603134512014,1.8607603134512014,1.8607603134512014
Haryana,Mewat,1,0.8836093930181361,0.8836093930181361,0.8836093930181361
Haryana,Palwal,1,0.7584850425395664,0.7584850425395664,0.7584850425395664
Haryana,Panchkula,1,1.233219786019287,1.233219786019287,1.233219786019287
Haryana,Panipat,1,1.1109691668110169,1.1109691668110169,1.1109691668110169
Haryana,Rewari,1,1.2253218884120172,1.2253218884120172,1.2253218884120172
Haryana,Rohtak,1,3.511959076455136,3.511959076455136,3.511959076455136
Haryana,Sirsa,1,1.9525282152649366,1.9525282152649366,1.9525282152649366
Haryana,Sonipat,1,1.4973655353178743,1.4973655353178743,1.4973655353178743
Haryana,Yamuna Nagar,1,1.7966019574275656,1.7966019574275656,1.7966019574275656
Haryana,Yamunanagar,1,40.6,40.6,40.6
Himachal Pradesh,Bilaspur,1,7.245409015025042,7.245409015025042,7.245409015025042
Himachal Pradesh,Chamba,1,3.4149159663865545,3.4149159663865545,3.4149159663865545
Himachal Pradesh,Hamirpur,1,9.509915014164307,9.509915014164307,9.509915014164307
Himachal Pradesh,Kangra,1,5.2202435779347045,5.2202435779347045,5.2202435779347045
Himachal Pradesh,Kinnaur,1,51.254901960784316,51.254901960784316,51.254901960784316
Himachal Pradesh,Kullu,1,6.5528497409326425,6.5528497409326425,6.5528497409326425
Himachal Pradesh,Lahul & Spiti,1,8.153846153846153,8.153846153846153,8.153846153846153
Himachal Pradesh,Lahul and Spiti,1,30.142857142857142,30.142857142857142,30.142857142857142
Himachal Pradesh,Mandi,1,8.420577219651905,8.420577219651905,8.420577219651905
Himachal Pradesh,Shimla,1,6.426674201751907,6.426674201751907,6.426674201751907
Himachal Pradesh,Sirmaur,1,2.1023000673659897,2.1023000673659897,2.1023000673659897
Himachal Pradesh,Solan,1,9.999015748031496,9.999015748031496,9.999015748031496
Himachal Pradesh,Una,1,9.147830474268416,9.147830474268416,9.147830474268416
Jammu and Kashmir,Anantnag,1,1.4352555342989888,1.4352555342989888,1.4352555342989888
Jammu and Kashmir,Badgam,1,2.013199105145414,2.013199105145414,2.013199105145414
Jammu and Kashmir,Bandipore,1,1.4450978174827547,1.4450978174827547,1.4450978174827547
Jammu and Kashmir,Baramula,1,1.9528366013071896,1.9528366013071896,1.9528366013071896
Jammu and Kashmir,Budgam,1,0.967601246105919,0.967601246105919,0.967601246105919
Jammu and Kashmir,Doda,1,5.445266649655524,5.445266649655524,5.445266649655524
Jammu and Kashmir,Ganderbal,1,2.3802774427020505,2.3802774427020505,2.3802774427020505
Jammu and Kashmir,Jammu,1,4.486286254728878,4.486286254728878,4.486286254728878
Jammu and Kashmir,Kathua,1,2.5601716199246547,2.5601716199246547,2.5601716199246547
Jammu and Kashmir,Kishtwar,1,4.589268904926263,4.589268904926263,4.589268904926263
Jammu and Kashmir,Kulgam,1,2.1925038245792963,2.1925038245792963,2.1925038245792963
Jammu and Kashmir,Kupwara,1,1.056935309708452,1.056935309708452,1.056935309708452
Jammu and Kashmir,Pulwama,1,1.1501979414093428,1.1501979414093428,1.1501979414093428
Jammu and Kashmir,Punch,1,1.7042475091767173,1.7042475091767173,1.7042475091767173
Jammu and Kashmir,Rajouri,1,5.409787009329343,5.409787009329343,5.409787009329343
Jammu and Kashmir,Ramban,3,7.480053774905208,11.0,22.440161324715625
Jammu and Kashmir,Reasi,1,4.444224235560589,4.444224235560589,4.444224235560589
Jammu and Kashmir,Shupiyan,2,5.202126956138418,8.3,10.404253912276836
Jammu and Kashmir,Srinagar,1,2.439158154521149,2.439158154521149,2.439158154521149
Jammu and Kashmir,Udhampur,1,3.7480687764764515,3.7480687764764515,3.7480687764764515
Jharkhand,Bokaro,1,2.239936810766473,2.239936810766473,2.239936810766473
Jharkhand,Chatra,1,2.4574726609963546,2.4574726609963546,2.4574726609963546
Jharkhand,Deoghar,1,1.648531089560753,1.648531089560753,1.648531089560753
Jharkhand,Dhanbad,1,1.9779026625927543,1.9779026625927543,1.9779026625927543
Jharkhand,Dumka,1,2.093405752753978,2.093405752753978,2.093405752753978
Jharkhand,East Singhbhum,1,4.161319730844367,4.161319730844367,4.161319730844367
Jharkhand,Garhwa,1,6.271411559952368,6.271411559952368,6.271411559952368
Jharkhand,Garhwa *,1,24.820689655172412,24.820689655172412,24.820689655172412
Jharkhand,Giridih,1,1.1016835401465066,1.1016835401465066,1.1016835401465066
Jharkhand,Godda,1,2.8495988625977455,2.8495988625977455,2.8495988625977455
Jharkhand,Gumla,1,4.780465802853863,4.780465802853863,4.780465802853863
Jharkhand,Hazaribagh,1,1.7064729194187582,1.7064729194187582,1.7064729194187582
Jharkhand,Jamtara,1,2.1163309241888357,2.1163309241888357,2.1163309241888357
Jharkhand,Khunti,1,3.3071910635326973,3.3071910635326973,3.3071910635326973
Jharkhand,Koderma,1,2.1364306212673543,2.1364306212673543,2.1364306212673543
Jharkhand,Latehar,1,2.116012725344645,2.116012725344645,2.116012725344645
Jharkhand,Lohardaga,1,4.108461427955754,4.108461427955754,4.108461427955754
Jharkhand,Pakur,1,1.1748721871100196,1.1748721871100196,1.1748721871100196
Jharkhand,Palamu,1,1.3417741077100036,1.3417741077100036,1.3417741077100036
Jharkhand,Pashchimi Singhbhum,1,3.6688429452303226,3.6688429452303226,3.6688429452303226
Jharkhand,Purbi Singhbhum,1,64.6784140969163,64.6784140969163,64.6784140969163
Jharkhand,Ramgarh,1,1.5857627544609199,1.5857627544609199,1.5857627544609199
Jharkhand,Ranchi,1,2.6219137969072785,2.6219137969072785,2.6219137969072785
Jharkhand,Sahebganj,1,1.7770791882212496,1.7770791882212496,1.7770791882212496
Jharkhand,Seraikela-Kharsawan,1,4.527397260273973,4.527397260273973,4.527397260273973
Jharkhand,Seraikela-kharsawan,1,32.08910891089109,32.08910891089109,32.08910891089109
Jharkhand,Simdega,1,4.49358101536666,4.49358101536666,4.49358101536666
Jharkhand,West Singhbhum,1,5.448126551584782,5.448126551584782,5.448126551584782
Karnataka,Bagalkot,1,2.07726937873455,2.07726937873455,2.07726937873455
Karnataka,Ballari,1,1.6170520231213872,1.6170520231213872,1.6170520231213872
Karnataka,Bangalore,1,12.925,12.925,12.925
Karnataka,Bangalore Rural,1,0.8108200650573532,0.8108200650573532,0.8108200650573532
Karnataka,Belagavi,1,1.9895695959717061,1.9895695959717061,1.9895695959717061
Karnataka,Belgaum,1,3.477109602327837,3.477109602327837,3.477109602327837
Karnataka,Bellary,1,5.784078807241746,5.784078807241746,5.784078807241746
Karnataka,Bengaluru,1,1.159417677804199,1.159417677804199,1.159417677804199
Karnataka,Bidar,1,2.6065420560747663,2.6065420560747663,2.6065420560747663
Karnataka,Bijapur,1,3.4822744473212506,3.4822744473212506,3.4822744473212506
Karnataka,Chamarajanagar,1,28.103448275862068,28.103448275862068,28.103448275862068
Karnataka,Chamrajanagar,1,3.0297316896301667,3.0297316896301667,3.0297316896301667
Karnataka,Chickmagalur,1,7.203694202154951,7.203694202154951,7.203694202154951
Karnataka,Chikkaballapur,1,1.5789259323907605,1.5789259323907605,1.5789259323907605
Karnataka,Chikkamagaluru,1,2.077916752101702,2.077916752101702,2.077916752101702
Karnataka,Chikmagalur,1,33.89473684210526,33.89473684210526,33.89473684210526
Karnataka,Chitradurga,1,1.7327464788732394,1.7327464788732394,1.7327464788732394
Karnataka,Dakshina Kannada,1,2.5775313205997126,2.5775313205997126,2.5775313205997126
Karnataka,Davanagere,1,6.604265402843602,6.604265402843602,6.604265402843602
Karnataka,Davangere,1,4.200355336886703,4.200355336886703,4.200355336886703
Karnataka,Dharwad,1,2.044928362916485,2.044928362916485,2.044928362916485
Karnataka,Gadag,1,2.076969835118912,2.076969835118912,2.076969835118912
Karnataka,Gulbarga,1,8.688898736982052,8.688898736982052,8.688898736982052
Karnataka,Hasan,1,10.268558951965066,10.268558951965066,10.268558951965066
Karnataka,Hassan,1,1.4803588290840415,1.4803588290840415,1.4803588290840415
Karnataka,Haveri,1,1.3536418668228862,1.3536418668228862,1.3536418668228862
Karnataka,Haveri *,1,11.333333333333334,11.333333333333334,11.333333333333334
Karnataka,Kalaburagi,1,1.9345923338938473,1.9345923338938473,1.9345923338938473
Karnataka,Kodagu,1,4.123448275862069,4.123448275862069,4.123448275862069
Karnataka,Kolar,1,1.6719453376205788,1.6719453376205788,1.6719453376205788
Karnataka,Koppal,1,1.7285232636547538,1.7285232636547538,1.7285232636547538
Karnataka,Mandya,1,2.357229180399912,2.357229180399912,2.357229180399912
Karnataka,Mysore,1,9.377141252457175,9.377141252457175,9.377141252457175
Karnataka,Mysuru,1,1.9318912439383207,1.9318912439383207,1.9318912439383207
Karnataka,Raichur,1,3.2356008303963693,3.2356008303963693,3.2356008303963693
Karnataka,Ramanagar,1,1.374803808726588,1.374803808726588,1.374803808726588
Karnataka,Shimoga,1,5.520924004017409,5.520924004017409,5.520924004017409
Karnataka,Shivamogga,1,1.8195295676660592,1.8195295676660592,1.8195295676660592
Karnataka,Tumakuru,1,2.181393568147014,2.181393568147014,2.181393568147014
Karnataka,Tumkur,1,5.55690207549798,5.55690207549798,5.55690207549798
Karnataka,Udupi,1,2.5245901639344264,2.5245901639344264,2.5245901639344264
Karnataka,Uttara Kannada,1,2.353231675619477,2.353231675619477,2.353231675619477
Karnataka,Vijayanagara,1,2.7282999486389317,2.7282999486389317,2.7282999486389317
Karnataka,Vijayapura,1,2.5795982611302652,2.5795982611302652,2.5795982611302652
Karnataka,Yadgir,1,2.5670308483290487,2.5670308483290487,2.5670308483290487
Karnataka,yadgir,1,27.73972602739726,27.73972602739726,27.73972602739726
Kerala,Alappuzha,1,14.391230207064556,14.391230207064556,14.391230207064556
Kerala,Ernakulam,1,8.224546268413771,8.224546268413771,8.224546268413771
Kerala,Idukki,1,15.082820634169428,15.082820634169428,15.082820634169428
Kerala,Kannur,1,8.721311475409836,8.721311475409836,8.721311475409836
Kerala,Kasaragod,1,8.867725812209924,8.867725812209924,8.867725812209924
Kerala,Kollam,1,10.346590230502807,10.346590230502807,10.346590230502807
Kerala,Kottayam,1,22.121888412017167,22.121888412017167,22.121888412017167
Kerala,Kozhikode,1,4.718605353189776,4.718605353189776,4.718605353189776
Kerala,Malappuram,1,5.2879000612017135,5.2879000612017135,5.2879000612017135
Kerala,Palakkad,1,14.738326460023945,14.738326460023945,14.738326460023945
Kerala,Pathanamthitta,1,28.4765625,28.4765625,28.4765625
Kerala,Thiruvananthapuram,1,8.785236051502146,8.785236051502146,8.785236051502146
Kerala,Thrissur,1,13.337863811092806,13.337863811092806,13.337863811092806
Kerala,Wayanad,1,4.793151503085805,4.793151503085805,4.793151503085805
Lakshadweep,Lakshadweep,1,113.5925925925926,113.5925925925926,113.5925925925926
Madhya Pradesh,Agar Malwa,1,2.417365140769396,2.417365140769396,2.417365140769396
Madhya Pradesh,Alirajpur,1,5.778204635676783,5.778204635676783,5.778204635676783
Madhya Pradesh,Anuppur,1,3.5999065981719927,3.5999065981719927,3.5999065981719927
Madhya Pradesh,Ashok Nagar,1,1.88656823910695,1.88656823910695,1.88656823910695
Madhya Pradesh,Balaghat,1,1.5042501464037905,1.5042501464037905,1.5042501464037905
Madhya Pradesh,Barwani,1,1.9307502629627713,1.9307502629627713,1.9307502629627713
Madhya Pradesh,Betul,1,4.094292992661876,4.094292992661876,4.094292992661876
Madhya Pradesh,Bhind,1,1.920258546196122,1.920258546196122,1.920258546196122
Madhya Pradesh,Bhopal,1,2.344603036383599,2.344603036383599,2.344603036383599
Madhya Pradesh,Burhanpur,2,8.089559020273276,9.937007874015748,16.179118040546552
Madhya Pradesh,Chhatarpur,1,2.7975942413335857,2.7975942413335857,2.7975942413335857
Madhya Pradesh,Chhindwara,1,1.538765359859567,1.538765359859567,1.538765359859567
Madhya Pradesh,Damoh,1,3.1741830947880096,3.1741830947880096,3.1741830947880096
Madhya Pradesh,Datia,1,1.925135830712039,1.925135830712039,1.925135830712039
Madhya Pradesh,Dewas,1,2.713541491614291,2.713541491614291,2.713541491614291
Madhya Pradesh,Dhar,1,2.1604419032852022,2.1604419032852022,2.1604419032852022
Madhya Pradesh,Dindori,1,1.3192911420489213,1.3192911420489213,1.3192911420489213
Madhya Pradesh,East Nimar,1,9.230540897097626,9.230540897097626,9.230540897097626
Madhya Pradesh,Guna,1,3.1635374734966044,3.1635374734966044,3.1635374734966044
Madhya Pradesh,Gwalior,1,2.071603841929378,2.071603841929378,2.071603841929378
Madhya Pradesh,Harda,2,6.095108581066835,7.788888888888889,12.19021716213367
Madhya Pradesh,Harda *,1,8.495716034271727,8.495716034271727,8.495716034271727
Madhya Pradesh,Hoshangabad,2,12.488843151994205,18.537357085881414,24.97768630398841
Madhya Pradesh,Indore,1,1.1567430905557203,1.1567430905557203,1.1567430905557203
Madhya Pradesh,Jabalpur,1,1.8675414897722886,1.8675414897722886,1.8675414897722886
Madhya Pradesh,Jhabua,1,4.425773546412785,4.425773546412785,4.425773546412785
Madhya Pradesh,Katni,1,2.0296167839776937,2.0296167839776937,2.0296167839776937
Madhya Pradesh,Khandwa,1,4.310013029968928,4.310013029968928,4.310013029968928
Madhya Pradesh,Khargone,1,6.54664207776241,6.54664207776241,6.54664207776241
Madhya Pradesh,Mandla,1,1.217311042354593,1.217311042354593,1.217311042354593
Madhya Pradesh,Mandsaur,1,2.081414449123436,2.081414449123436,2.081414449123436
Madhya Pradesh,Morena,1,1.5048657118508948,1.5048657118508948,1.5048657118508948
Madhya Pradesh,Narsimhapur,1,8.948126801152737,8.948126801152737,8.948126801152737
Madhya Pradesh,Narsinghpur,1,3.0663605391793807,3.0663605391793807,3.0663605391793807
Madhya Pradesh,Neemuch,1,1.8657898268688766,1.8657898268688766,1.8657898268688766
Madhya Pradesh,Pandhurna,1,7.714285714285714,7.714285714285714,7.714285714285714
Madhya Pradesh,Panna,1,3.2706408087118746,3.2706408087118746,3.2706408087118746
Madhya Pradesh,Raisen,1,3.8382633154886125,3.8382633154886125,3.8382633154886125
Madhya Pradesh,Rajgarh,1,5.603790062003318,5.603790062003318,5.603790062003318
Madhya Pradesh,Ratlam,1,1.5128931758576383,1.5128931758576383,1.5128931758576383
Madhya Pradesh,Rewa,1,4.033475298126064,4.033475298126064,4.033475298126064
Madhya Pradesh,Sagar,1,2.7956592554798956,2.7956592554798956,2.7956592554798956
Madhya Pradesh,Satna,1,2.4147994727923177,2.4147994727923177,2.4147994727923177
Madhya Pradesh,Sehore,1,5.588070710924583,5.588070710924583,5.588070710924583
Madhya Pradesh,Seoni,1,1.282516426560013,1.282516426560013,1.282516426560013
Madhya Pradesh,Shahdol,1,1.9989499579983199,1.9989499579983199,1.9989499579983199
Madhya Pradesh,Shajapur,1,7.165969930326366,7.165969930326366,7.165969930326366
Madhya Pradesh,Sheopur,1,1.7849742002063984,1.7849742002063984,1.7849742002063984
Madhya Pradesh,Shivpuri,1,3.627649433666031,3.627649433666031,3.627649433666031
Madhya Pradesh,Sidhi,1,3.4766155847910944,3.4766155847910944,3.4766155847910944
Madhya Pradesh,Singrauli,1,2.820070226101795,2.820070226101795,2.820070226101795
Madhya Pradesh,Tikamgarh,1,5.000904088050315,5.000904088050315,5.000904088050315
Madhya Pradesh,Ujjain,1,2.1985741000467507,2.1985741000467507,2.1985741000467507
Madhya Pradesh,Umaria,1,1.394803258001606,1.394803258001606,1.394803258001606
Madhya Pradesh,Vidisha,1,2.976420187384626,2.976420187384626,2.976420187384626
Madhya Pradesh,West Nimar,1,55.034188034188034,55.034188034188034,55.034188034188034
Maharashtra,Ahmadnagar,10,1.4034915976242348,5.239874013893795,14.034915976242349
Maharashtra,Ahmed Nagar,1,9.151162790697674,9.151162790697674,9.151162790697674
Maharashtra,Akola,2,8.675222161696315,8.700315457413248,17.35044432339263
Maharashtra,Amravati,5,5.1220930409205465,9.518004464719015,25.610465204602733
Maharashtra,Aurangabad,2,4.3496655398333,5.082828744430481,8.6993310796666
Maharashtra,Beed,2,1.921324286779809,3.0510133060388944,3.842648573559618
Maharashtra,Bhandara,1,7.094310998735778,7.094310998735778,7.094310998735778
Maharashtra,Bid,1,10.741433021806854,10.741433021806854,10.741433021806854
Maharashtra,Buldana,1,18.75870348139256,18.75870348139256,18.75870348139256
Maharashtra,Buldhana,4,3.977433597954975,6.402106014635017,15.9097343918199
Maharashtra,Chandrapur,2,5.38781355977822,6.3967809657102865,10.77562711955644
Maharashtra,Chatrapati Sambhaji Nagar,1,9.5,9.5,9.5
Maharashtra,Dhule,1,10.78956999085087,10.78956999085087,10.78956999085087
Maharashtra,Gadchiroli,2,5.471475991534419,5.813279085872576,10.942951983068838
Maharashtra,Gondiya,1,3.6489538840222977,3.6489538840222977,3.6489538840222977
Maharashtra,Hingoli,1,5.421382030178327,5.421382030178327,5.421382030178327
Maharashtra,Jalgaon,7,3.5226792544647734,8.42846646373465,24.658754781253414
Maharashtra,Jalna,1,7.487311072056239,7.487311072056239,7.487311072056239
Maharashtra,Kolhapur,2,4.637210363772863,8.332228535353535,9.274420727545726
Maharashtra,Latur,1,5.403271028037383,5.403271028037383,5.403271028037383
Maharashtra,Mumbai,6,3.34899448715529,8.64319052859257,20.09396692293174
Maharashtra,Mumbai City,1,1.1665853333924847,1.1665853333924847,1.1665853333924847
Maharashtra,Mumbai Suburban,1,1.0402751448843632,1.0402751448843632,1.0402751448843632
Maharashtra,Mumbai( Sub Urban ),1,8.693877551020408,8.693877551020408,8.693877551020408
Maharashtra,Nagpur,4,3.169762778732187,4.366290643662906,12.679051114928749
Maharashtra,Nanded,9,1.5474438582901857,6.740233906094591,13.92699472461167
Maharashtra,Nandurbar,3,7.701262041146365,8.32336956521739,23.103786123439097
Maharashtra,Nandurbar *,2,12.157142857142857,12.714285714285714,24.314285714285713
Maharashtra,Nashik,12,2.0851470721749004,5.553303808680248,25.021764866098806
Maharashtra,Osmanabad,1,4.675821064552661,4.675821064552661,4.675821064552661
Maharashtra,Palghar,1,2.2354739275622912,2.2354739275622912,2.2354739275622912
Maharashtra,Parbhani,1,6.4616205955629376,6.4616205955629376,6.4616205955629376
Maharashtra,Pune,12,1.1873940744669607,2.484076433121019,14.248728893603527
Maharashtra,Raigad,1,0.3970522995021442,0.3970522995021442,0.3970522995021442
Maharashtra,Raigarh,1,7.008901089759587,7.008901089759587,7.008901089759587
Maharashtra,Ratnagiri,1,12.826945871197156,12.826945871197156,12.826945871197156
Maharashtra,Sangli,1,11.2279091769158,11.2279091769158,11.2279091769158
Maharashtra,Satara,1,8.674128180961358,8.674128180961358,8.674128180961358
Maharashtra,Sindhudurg,1,8.489977728285078,8.489977728285078,8.489977728285078
Maharashtra,Solapur,8,1.06409345830359,4.579879560750975,8.51274766642872
Maharashtra,Thane,12,1.189663118525816,2.251310043668122,14.27595742230979
Maharashtra,Wardha,2,9.971911209616128,10.895622895622896,19.943822419232255
Maharashtra,Washim,2,8.556567539756312,11.020713637738131,17.113135079512624
Maharashtra,Yavatmal,8,1.83645278558614,5.869127402619493,14.69162228468912
Manipur,Bishnupur,1,2.3543380412851156,2.3543380412851156,2.3543380412851156
Manipur,Churachandpur,1,1.8909795240730491,1.8909795240730491,1.8909795240730491
Manipur,Imphal East,1,6.984536082474227,6.984536082474227,6.984536082474227
Manipur,Imphal West,1,3.687847008019741,3.687847008019741,3.687847008019741
Manipur,Senapati,1,2.8240352811466374,2.8240352811466374,2.8240352811466374
Manipur,Thoubal,1,4.690911934928828,4.690911934928828,4.690911934928828
Manipur,Ukhrul,1,3.7835337650323773,3.7835337650323773,3.7835337650323773
Meghalaya,East Khasi Hills,1,2.161075949367089,2.161075949367089,2.161075949367089
Meghalaya,West Garo Hills,1,4.614059034294489,4.614059034294489,4.614059034294489
Mizoram,Aizawl,1,4.625360692529657,4.625360692529657,4.625360692529657
Mizoram,Champhai,1,3.3417061611374406,3.3417061611374406,3.3417061611374406
Mizoram,Kolasib,1,4.043459735832978,4.043459735832978,4.043459735832978
Mizoram,Lawngtlai,1,4.3916773916773915,4.3916773916773915,4.3916773916773915
Mizoram,Lunglei,1,3.029587105321263,3.029587105321263,3.029587105321263
Mizoram,Mamit,1,10.242686890574214,10.242686890574214,10.242686890574214
Mizoram,Mammit,1,13.241935483870968,13.241935483870968,13.241935483870968
Mizoram,Saiha,1,5.757396449704142,5.757396449704142,5.757396449704142
Mizoram,Saitual,1,13.25,13.25,13.25
Mizoram,Serchhip,2,6.321349485476098,8.88888888888889,12.642698970952196
Nagaland,Dimapur,1,6.087762669962917,6.087762669962917,6.087762669962917
Nagaland,Kohima,1,9.329659318637274,9.329659318637274,9.329659318637274
Nagaland,Longleng,1,65.4375,65.4375,65.4375
Nagaland,Meluri,7,14.257823129251701,19.0,99.8047619047619
Nagaland,Mokokchung,1,5.858707557502738,5.858707557502738,5.858707557502738
Nagaland,Mon,1,5.82620320855615,5.82620320855615,5.82620320855615
Nagaland,Noklak,1,20.12,20.12,20.12
Nagaland,Phek,1,17.69467787114846,17.69467787114846,17.69467787114846
Nagaland,Shamator,1,70.0,70.0,70.0
Nagaland,Tseminyu,1,67.0,67.0,67.0
Nagaland,Tuensang,1,4.628673835125448,4.628673835125448,4.628673835125448
Nagaland,Wokha,1,4.455100261551874,4.455100261551874,4.455100261551874
Nagaland,Zunheboto,1,8.836767036450079,8.836767036450079,8.836767036450079
Odisha,ANUGUL,1,26.285714285714285,26.285714285714285,26.285714285714285
Odisha,Angul,1,3.922351305729322,3.922351305729322,3.922351305729322
Odisha,Anugul,1,8.885245901639344,8.885245901639344,8.885245901639344
Odisha,Balangir,1,3.8138879790370126,3.8138879790370126,3.8138879790370126
Odisha,Baleshwar,1,11.786494538232374,11.786494538232374,11.786494538232374
Odisha,Baleswar,1,3.3762693456421395,3.3762693456421395,3.3762693456421395
Odisha,Bargarh,1,5.0223132036847495,5.0223132036847495,5.0223132036847495
Odisha,Baudh,1,121.84,121.84,121.84
Odisha,Bhadrak,1,3.8073013234447926,3.8073013234447926,3.8073013234447926
Odisha,Boudh,1,6.093073593073593,6.093073593073593,6.093073593073593
Odisha,Cuttack,1,4.38197592240581,4.38197592240581,4.38197592240581
Odisha,Debagarh,1,4.127023661270236,4.127023661270236,4.127023661270236
Odisha,Dhenkanal,1,5.13452868852459,5.13452868852459,5.13452868852459
Odisha,Gajapati,1,4.319046011924851,4.319046011924851,4.319046011924851
Odisha,Ganjam,1,3.1043989512434123,3.1043989512434123,3.1043989512434123
Odisha,JAJPUR,1,3.077386811023622,3.077386811023622,3.077386811023622
Odisha,Jagatsinghapur,1,3.954258675078864,3.954258675078864,3.954258675078864
Odisha,Jagatsinghpur,1,28.272251308900522,28.272251308900522,28.272251308900522
Odisha,Jajapur,1,4.6791206150889,4.6791206150889,4.6791206150889
Odisha,Jajpur,1,75.5,75.5,75.5
Odisha,Jharsuguda,1,2.1925828588115053,2.1925828588115053,2.1925828588115053
Odisha,Kalahandi,1,3.9068185995221465,3.9068185995221465,3.9068185995221465
Odisha,Kandhamal,1,2.6710965719348465,2.6710965719348465,2.6710965719348465
Odisha,Kendrapara,1,3.0813872096722874,3.0813872096722874,3.0813872096722874
Odisha,Kendujhar,1,3.134831460674157,3.134831460674157,3.134831460674157
Odisha,Khorda,1,4.1559744193874115,4.1559744193874115,4.1559744193874115
Odisha,Khordha,1,27.113475177304963,27.113475177304963,27.113475177304963
Odisha,Koraput,1,5.159195402298851,5.159195402298851,5.159195402298851
Odisha,Malkangiri,1,3.742270367862785,3.742270367862785,3.742270367862785
Odisha,Mayurbhanj,1,4.09665852313027,4.09665852313027,4.09665852313027
Odisha,Nabarangapur,1,3.8802622083233103,3.8802622083233103,3.8802622083233103
Odisha,Nayagarh,1,4.244367235207412,4.244367235207412,4.244367235207412
Odisha,Nuapada,1,5.380769230769231,5.380769230769231,5.380769230769231
Odisha,Puri,1,4.7769121035882804,4.7769121035882804,4.7769121035882804
Odisha,Rayagada,1,3.6087595262143055,3.6087595262143055,3.6087595262143055
Odisha,Sambalpur,1,3.2923771313941828,3.2923771313941828,3.2923771313941828
Odisha,Sonapur,1,3.1345351043643266,3.1345351043643266,3.1345351043643266
Odisha,Sundargarh,1,15.96795952782462,15.96795952782462,15.96795952782462
Odisha,Sundergarh,1,3.3108162851934373,3.3108162851934373,3.3108162851934373
Odisha,jajpur,1,17.5,17.5,17.5
Orissa,Balangir,1,47.0,47.0,47.0
Orissa,Baleshwar,1,26.12121212121212,26.12121212121212,26.12121212121212
Orissa,Bargarh,1,16.379310344827587,16.379310344827587,16.379310344827587
Orissa,Bhadrak,1,35.202127659574465,35.202127659574465,35.202127659574465
Orissa,Cuttack,1,68.71698113207547,68.71698113207547,68.71698113207547
Orissa,Dhenkanal,1,32.77777777777778,32.77777777777778,32.77777777777778
Orissa,Ganjam,1,30.353846153846153,30.353846153846153,30.353846153846153
Orissa,Jajapur,1,38.333333333333336,38.333333333333336,38.333333333333336
Orissa,Kendujhar,1,7.636363636363637,7.636363636363637,7.636363636363637
Orissa,Khordha,1,50.53947368421053,50.53947368421053,50.53947368421053
Orissa,Koraput,1,15.567567567567568,15.567567567567568,15.567567567567568
Orissa,Nayagarh,1,21.357142857142858,21.357142857142858,21.357142857142858
Orissa,Puri,1,36.1,36.1,36.1
Orissa,Rayagada,1,31.037037037037038,31.037037037037038,31.037037037037038
Orissa,Sundargarh,1,16.47826086956522,16.47826086956522,16.47826086956522
Pondicherry,Karaikal,1,17.705882352941178,17.705882352941178,17.705882352941178
Pondicherry,Pondicherry,1,66.06989247311827,66.06989247311827,66.06989247311827
Puducherry,Karaikal,1,5.28476821192053,5.28476821192053,5.28476821192053
Puducherry,Puducherry,1,2.4581659973226238,2.4581659973226238,2.4581659973226238
Punjab,Amritsar,1,1.9657822110788434,1.9657822110788434,1.9657822110788434
Punjab,Barnala,1,5.015303891560997,5.015303891560997,5.015303891560997
Punjab,Bathinda,1,4.659769943232746,4.659769943232746,4.659769943232746
Punjab,Faridkot,1,4.180050987890376,4.180050987890376,4.180050987890376
Punjab,Fatehgarh Sahib,1,3.32652198421646,3.32652198421646,3.32652198421646
Punjab,Fazilka,1,2.511310570683486,2.511310570683486,2.511310570683486
Punjab,Ferozepur,1,2.4231039550188487,2.4231039550188487,2.4231039550188487
Punjab,Firozpur,1,12.034246575342467,12.034246575342467,12.034246575342467
Punjab,Gurdaspur,1,2.115581746601629,2.115581746601629,2.115581746601629
Punjab,Hoshiarpur,1,2.681191714120657,2.681191714120657,2.681191714120657
Punjab,Jalandhar,1,5.7865900610081145,5.7865900610081145,5.7865900610081145
Punjab,Kapurthala,1,28.23925925925926,28.23925925925926,28.23925925925926
Punjab,Ludhiana,1,2.4676687517505367,2.4676687517505367,2.4676687517505367
Punjab,Malerkotla,1,1.0342807550444781,1.0342807550444781,1.0342807550444781
Punjab,Mansa,1,3.2428319718084255,3.2428319718084255,3.2428319718084255
Punjab,Moga,1,4.147110675808031,4.147110675808031,4.147110675808031
Punjab,Muktsar,1,36.324503311258276,36.324503311258276,36.324503311258276
Punjab,Pathankot,1,2.4402242466713386,2.4402242466713386,2.4402242466713386
Punjab,Patiala,1,1.4169765915554584,1.4169765915554584,1.4169765915554584
Punjab,Rupnagar,1,6.061343719571568,6.061343719571568,6.061343719571568
Punjab,S.A.S Nagar(Mohali),1,14.675675675675675,14.675675675675675,14.675675675675675
Punjab,SAS Nagar (Mohali),1,1.3412836920690323,1.3412836920690323,1.3412836920690323
Punjab,Sangrur,1,5.842950819672131,5.842950819672131,5.842950819672131
Punjab,Shaheed Bhagat Singh Nagar,1,18.31129476584022,18.31129476584022,18.31129476584022
Punjab,Sri Muktsar Sahib,1,4.031383144549517,4.031383144549517,4.031383144549517
Punjab,Tarn Taran,1,6.185548523206751,6.185548523206751,6.185548523206751
Rajasthan,Ajmer,1,1.0225314076172574,1.0225314076172574,1.0225314076172574
Rajasthan,Alwar,1,1.6388162601626017,1.6388162601626017,1.6388162601626017
Rajasthan,Banswara,1,0.8591549295774648,0.8591549295774648,0.8591549295774648
Rajasthan,Baran,1,0.7840226915081693,0.7840226915081693,0.7840226915081693
Rajasthan,Barmer,2,2.9361969021482723,4.411764705882353,5.872393804296545
Rajasthan,Bharatpur,1,1.4014976362193312,1.4014976362193312,1.4014976362193312
Rajasthan,Bhilwara,1,1.1129914896103137,1.1129914896103137,1.1129914896103137
Rajasthan,Bikaner,1,1.5762276621271758,1.5762276621271758,1.5762276621271758
Rajasthan,Bundi,1,1.2911857487474485,1.2911857487474485,1.2911857487474485
Rajasthan,Chittaurgarh,1,11.880952380952381,11.880952380952381,11.880952380952381
Rajasthan,Chittorgarh,1,1.060430805547359,1.060430805547359,1.060430805547359
Rajasthan,Churu,1,1.6611325554873235,1.6611325554873235,1.6611325554873235
Rajasthan,Dausa,1,2.2972701260536694,2.2972701260536694,2.2972701260536694
Rajasthan,Dhaulpur,1,9.153846153846153,9.153846153846153,9.153846153846153
Rajasthan,Dholpur,1,0.8241762572915025,0.8241762572915025,0.8241762572915025
Rajasthan,Dungarpur,1,0.7012322274881516,0.7012322274881516,0.7012322274881516
Rajasthan,Ganganagar,1,1.5002233028979755,1.5002233028979755,1.5002233028979755
Rajasthan,Hanumangarh,1,1.0858471330297081,1.0858471330297081,1.0858471330297081
Rajasthan,Jaipur,6,1.526463265733841,2.627811213177067,9.158779594403047
Rajasthan,Jaisalmer,1,2.327650691484735,2.327650691484735,2.327650691484735
Rajasthan,Jalor,1,1.3144169904929492,1.3144169904929492,1.3144169904929492
Rajasthan,Jhalawar,1,0.7370116336352268,0.7370116336352268,0.7370116336352268
Rajasthan,Jhunjhunun,1,2.8572423398328692,2.8572423398328692,2.8572423398328692
Rajasthan,Jodhpur,1,1.5116645612896498,1.5116645612896498,1.5116645612896498
Rajasthan,Karauli,1,1.5449733642944954,1.5449733642944954,1.5449733642944954
Rajasthan,Kota,1,1.0275219377764886,1.0275219377764886,1.0275219377764886
Rajasthan,Nagaur,2,3.440149452476457,4.896648044692737,6.880298904952914
Rajasthan,Pali,1,2.5215513729324535,2.5215513729324535,2.5215513729324535
Rajasthan,Pratapgarh,1,1.1666008685353335,1.1666008685353335,1.1666008685353335
Rajasthan,Rajsamand,1,1.310278057470374,1.310278057470374,1.310278057470374
Rajasthan,Sawai Madhopur,1,2.1025143279718987,2.1025143279718987,2.1025143279718987
Rajasthan,Sikar,1,2.7162085461769236,2.7162085461769236,2.7162085461769236
Rajasthan,Sirohi,1,1.7330343934911243,1.7330343934911243,1.7330343934911243
Rajasthan,Tonk,1,1.4628467366914897,1.4628467366914897,1.4628467366914897
Rajasthan,Udaipur,1,1.4475003176664925,1.4475003176664925,1.4475003176664925
Sikkim,North Sikkim,1,25.705882352941178,25.705882352941178,25.705882352941178
Tamil Nadu,Ariyalur,1,6.6926722566532995,6.6926722566532995,6.6926722566532995
Tamil Nadu,Chennai,1,3.2197552815665724,3.2197552815665724,3.2197552815665724
Tamil Nadu,Coimbatore,1,4.375895268286955,4.375895268286955,4.375895268286955
Tamil Nadu,Cuddalore,1,3.919614921780987,3.919614921780987,3.919614921780987
Tamil Nadu,Dharmapuri,1,4.903802404939876,4.903802404939876,4.903802404939876
Tamil Nadu,Dindigul,1,7.341537544696067,7.341537544696067,7.341537544696067
Tamil Nadu,Erode,1,4.136139459934567,4.136139459934567,4.136139459934567
Tamil Nadu,Kancheepuram,1,2.356808554249795,2.356808554249795,2.356808554249795
Tamil Nadu,Kanniyakumari,1,2.909123640815151,2.909123640815151,2.909123640815151
Tamil Nadu,Kanyakumari,1,1.9199740596627757,1.9199740596627757,1.9199740596627757
Tamil Nadu,Karur,1,4.527976494634645,4.527976494634645,4.527976494634645
Tamil Nadu,Krishnagiri,1,2.9738108658890865,2.9738108658890865,2.9738108658890865
Tamil Nadu,Madurai,1,3.5877046531667385,3.5877046531667385,3.5877046531667385
Tamil Nadu,Nagapattinam,1,9.223126089482859,9.223126089482859,9.223126089482859
Tamil Nadu,Namakkal,1,6.931082850196372,6.931082850196372,6.931082850196372
Tamil Nadu,Perambalur,1,9.887402452619844,9.887402452619844,9.887402452619844
Tamil Nadu,Pudukkottai,1,5.556872889272113,5.556872889272113,5.556872889272113
Tamil Nadu,Ramanathapuram,1,5.82687171931117,5.82687171931117,5.82687171931117
Tamil Nadu,Salem,1,5.043605406810502,5.043605406810502,5.043605406810502
Tamil Nadu,Sivaganga,1,7.129790495656617,7.129790495656617,7.129790495656617
Tamil Nadu,Thanjavur,1,4.4594731296101155,4.4594731296101155,4.4594731296101155
Tamil Nadu,The Nilgiris,1,8.93091996014613,8.93091996014613,8.93091996014613
Tamil Nadu,Theni,1,5.620298153815776,5.620298153815776,5.620298153815776
Tamil Nadu,Thiruvallur,1,20.82456140350877,20.82456140350877,20.82456140350877
Tamil Nadu,Thiruvarur,1,5.273172021684517,5.273172021684517,5.273172021684517
Tamil Nadu,Thoothukkudi,1,7.993439193686412,7.993439193686412,7.993439193686412
Tamil Nadu,Tiruchirappalli,1,5.748370643241712,5.748370643241712,5.748370643241712
Tamil Nadu,Tirunelveli,1,5.183934123182926,5.183934123182926,5.183934123182926
Tamil Nadu,Tiruppur,1,2.7448277969623813,2.7448277969623813,2.7448277969623813
Tamil Nadu,Tiruvallur,1,2.193712014598766,2.193712014598766,2.193712014598766
Tamil Nadu,Tiruvannamalai,1,4.456190103657344,4.456190103657344,4.456190103657344
Tamil Nadu,Vellore,1,4.516029417740035,4.516029417740035,4.516029417740035
Tamil Nadu,Villupuram,1,8.683153770812929,8.683153770812929,8.683153770812929
Tamil Nadu,Viluppuram,1,17.31053930207966,17.31053930207966,17.31053930207966
Tamil Nadu,Virudhunagar,1,3.4204642302100567,3.4204642302100567,3.4204642302100567
Telangana,Adilabad,1,2.2622462787550743,2.2622462787550743,2.2622462787550743
Telangana,Bhadradri Kothagudem,1,1.009046052631579,1.009046052631579,1.009046052631579
Telangana,Hyderabad,1,1.085780386444454,1.085780386444454,1.085780386444454
Telangana,Jogulamba Gadwal,1,0.3971381798338689,0.3971381798338689,0.3971381798338689
Telangana,K.v. Rangareddy,1,1.8179641624032863,1.8179641624032863,1.8179641624032863
Telangana,Kamareddy,1,1.0386686921695898,1.0386686921695898,1.0386686921695898
Telangana,Karimnagar,1,3.158504746835443,3.158504746835443,3.158504746835443
Telangana,Khammam,1,1.9364337320138425,1.9364337320138425,1.9364337320138425
Telangana,Mahabubnagar,1,3.2039879421444177,3.2039879421444177,3.2039879421444177
Telangana,Medak,1,5.012227538543328,5.012227538543328,5.012227538543328
Telangana,Medchal-malkajgiri,1,0.4999573851529873,0.4999573851529873,0.4999573851529873
Telangana,Nalgonda,1,3.246579212916246,3.246579212916246,3.246579212916246
Telangana,Nizamabad,1,2.3605069107347982,2.3605069107347982,2.3605069107347982
Telangana,Sangareddy,1,0.6583410997204101,0.6583410997204101,0.6583410997204101
Telangana,Siddipet,1,0.6659262001727755,0.6659262001727755,0.6659262001727755
Telangana,Suryapet,1,1.0525684773586645,1.0525684773586645,1.0525684773586645
Telangana,Vikarabad,1,0.4484567901234568,0.4484567901234568,0.4484567901234568
Telangana,Wanaparthy,1,0.7954514870138608,0.7954514870138608,0.7954514870138608
Telangana,Warangal,1,7.207623682076237,7.207623682076237,7.207623682076237
Telangana,Warangal Urban,1,0.5639405639405639,0.5639405639405639,0.5639405639405639
Telangana,Yadadri.,1,0.41757138374647,0.41757138374647,0.41757138374647
Tripura,Dhalai,1,6.472995882780334,6.472995882780334,6.472995882780334
Tripura,Dhalai  *,1,28.5,28.5,28.5
Tripura,Gomati,1,2.3977190002426596,2.3977190002426596,2.3977190002426596
Tripura,Khowai,1,6.583583583583583,6.583583583583583,6.583583583583583
Tripura,North Tripura,1,6.960628227194492,6.960628227194492,6.960628227194492
Tripura,Sepahijala,1,3.2864253393665157,3.2864253393665157,3.2864253393665157
Tripura,South Tripura,1,3.5679898265055865,3.5679898265055865,3.5679898265055865
Tripura,Unakoti,1,12.061244979919678,12.061244979919678,12.061244979919678
Tripura,West Tripura,1,4.732542348652705,4.732542348652705,4.732542348652705
Uttar Pradesh,Agra,1,2.8730471339027024,2.8730471339027024,2.8730471339027024
Uttar Pradesh,Aligarh,1,1.5489395921600633,1.5489395921600633,1.5489395921600633
Uttar Pradesh,Allahabad,2,1.729236819386292,2.9749383083358127,3.458473638772584
Uttar Pradesh,Ambedkar Nagar,1,2.1492485897601514,2.1492485897601514,2.1492485897601514
Uttar Pradesh,Amethi,1,2.3771821475625825,2.3771821475625825,2.3771821475625825
Uttar Pradesh,Amroha,1,1.6344831587803534,1.6344831587803534,1.6344831587803534
Uttar Pradesh,Auraiya,1,2.2137609266906204,2.2137609266906204,2.2137609266906204
Uttar Pradesh,Azamgarh,1,1.966277313655394,1.966277313655394,1.966277313655394
Uttar Pradesh,Baghpat,1,1.7486967640405233,1.7486967640405233,1.7486967640405233
Uttar Pradesh,Bahraich,1,3.118998948720944,3.118998948720944,3.118998948720944
Uttar Pradesh,Ballia,1,2.5849335777927887,2.5849335777927887,2.5849335777927887
Uttar Pradesh,Balrampur,1,2.3393666990605766,2.3393666990605766,2.3393666990605766
Uttar Pradesh,Banda,1,2.8461878561603458,2.8461878561603458,2.8461878561603458
Uttar Pradesh,Bara Banki,1,2.4074919186157064,2.4074919186157064,2.4074919186157064
Uttar Pradesh,Barabanki,1,7.376383763837638,7.376383763837638,7.376383763837638
Uttar Pradesh,Bareilly,1,1.4151710060083191,1.4151710060083191,1.4151710060083191
Uttar Pradesh,Basti,1,2.490097145869418,2.490097145869418,2.490097145869418
Uttar Pradesh,Bijnor,2,0.9289637855226673,1.407362924813484,1.8579275710453347
Uttar Pradesh,Budaun,1,0.8694613589605512,0.8694613589605512,0.8694613589605512
Uttar Pradesh,Bulandshahr,1,1.3864528482527525,1.3864528482527525,1.3864528482527525
Uttar Pradesh,Chandauli,1,1.8481757426534071,1.8481757426534071,1.8481757426534071
Uttar Pradesh,Chitrakoot,1,2.2562728236541405,2.2562728236541405,2.2562728236541405
Uttar Pradesh,Deoria,1,2.7731739536682025,2.7731739536682025,2.7731739536682025
Uttar Pradesh,Etah,1,3.7630141287284142,3.7630141287284142,3.7630141287284142
Uttar Pradesh,Etawah,1,2.0193441261934413,2.0193441261934413,2.0193441261934413
Uttar Pradesh,Faizabad,1,2.7168149882903982,2.7168149882903982,2.7168149882903982
Uttar Pradesh,Farrukhabad,1,2.262253535404734,2.262253535404734,2.262253535404734
Uttar Pradesh,Fatehpur,1,2.0046182020861534,2.0046182020861534,2.0046182020861534
Uttar Pradesh,Firozabad,1,1.1660257132283136,1.1660257132283136,1.1660257132283136
Uttar Pradesh,Gautam Buddha Nagar,1,0.6284616446062562,0.6284616446062562,0.6284616446062562
Uttar Pradesh,Ghaziabad,1,0.9404192825935309,0.9404192825935309,0.9404192825935309
Uttar Pradesh,Ghazipur,1,1.9549330604587705,1.9549330604587705,1.9549330604587705
Uttar Pradesh,Gonda,1,2.0567297717842323,2.0567297717842323,2.0567297717842323
Uttar Pradesh,Gorakhpur,1,2.0278552561095,2.0278552561095,2.0278552561095
Uttar Pradesh,Hamirpur,1,2.7221690590111645,2.7221690590111645,2.7221690590111645
Uttar Pradesh,Hapur,1,1.7879827858582558,1.7879827858582558,1.7879827858582558
Uttar Pradesh,Hardoi,1,2.5592197786519373,2.5592197786519373,2.5592197786519373
Uttar Pradesh,Hathras,1,2.7248758511237394,2.7248758511237394,2.7248758511237394
Uttar Pradesh,Jalaun,1,2.5061188811188813,2.5061188811188813,2.5061188811188813
Uttar Pradesh,Jaunpur,1,2.1074929622456926,2.1074929622456926,2.1074929622456926
Uttar Pradesh,Jhansi,1,2.752679307502061,2.752679307502061,2.752679307502061
Uttar Pradesh,Kannauj,1,2.3161553975161873,2.3161553975161873,2.3161553975161873
Uttar Pradesh,Kanpur Dehat,1,1.774123046661567,1.774123046661567,1.774123046661567
Uttar Pradesh,Kanpur Nagar,1,1.7043185279773534,1.7043185279773534,1.7043185279773534
Uttar Pradesh,Kasganj,1,3.959704020682892,3.959704020682892,3.959704020682892
Uttar Pradesh,Kaushambi,1,1.8369113879317962,1.8369113879317962,1.8369113879317962
Uttar Pradesh,Kheri,1,1.5777965156993612,1.5777965156993612,1.5777965156993612
Uttar Pradesh,Kushinagar,1,1.1430581246906182,1.1430581246906182,1.1430581246906182
Uttar Pradesh,Kushinagar *,1,10.0,10.0,10.0
Uttar Pradesh,Lalitpur,1,2.5980866566549863,2.5980866566549863,2.5980866566549863
Uttar Pradesh,Lucknow,1,1.6134962063373697,1.6134962063373697,1.6134962063373697
Uttar Pradesh,Maharajganj,1,1.450143217372145,1.450143217372145,1.450143217372145
Uttar Pradesh,Mahoba,1,3.2388512724725658,3.2388512724725658,3.2388512724725658
Uttar Pradesh,Mainpuri,1,1.7485540834324624,1.7485540834324624,1.7485540834324624
Uttar Pradesh,Mathura,1,1.6747446694140835,1.6747446694140835,1.6747446694140835
Uttar Pradesh,Mau,1,1.9933317735142724,1.9933317735142724,1.9933317735142724
Uttar Pradesh,Meerut,1,1.5870486299461948,1.5870486299461948,1.5870486299461948
Uttar Pradesh,Mirzapur,1,2.2252763668957276,2.2252763668957276,2.2252763668957276
Uttar Pradesh,Moradabad,1,1.1902335190634195,1.1902335190634195,1.1902335190634195
Uttar Pradesh,Muzaffarnagar,1,2.2985353245261346,2.2985353245261346,2.2985353245261346
Uttar Pradesh,Pilibhit,1,1.152834552495697,1.152834552495697,1.152834552495697
Uttar Pradesh,Pratapgarh,1,2.386430250442555,2.386430250442555,2.386430250442555
Uttar Pradesh,Prayagraj,1,1.2063747873578656,1.2063747873578656,1.2063747873578656
Uttar Pradesh,Rae Bareli,1,2.099049619039927,2.099049619039927,2.099049619039927
Uttar Pradesh,Rampur,1,0.9061329032870085,0.9061329032870085,0.9061329032870085
Uttar Pradesh,Saharanpur,1,1.4372462398815147,1.4372462398815147,1.4372462398815147
Uttar Pradesh,Sambhal,1,1.7725957848751401,1.7725957848751401,1.7725957848751401
Uttar Pradesh,Sant Kabir Nagar,1,1.597738685726609,1.597738685726609,1.597738685726609
Uttar Pradesh,Sant Ravidas Nagar,1,2.8898157551138834,2.8898157551138834,2.8898157551138834
Uttar Pradesh,Shahjahanpur,1,1.4904831162261287,1.4904831162261287,1.4904831162261287
Uttar Pradesh,Shamli,1,1.7544646733624707,1.7544646733624707,1.7544646733624707
Uttar Pradesh,Shrawasti,1,1.4187227576278643,1.4187227576278643,1.4187227576278643
Uttar Pradesh,Siddharthnagar,1,2.421708808976507,2.421708808976507,2.421708808976507
Uttar Pradesh,Sitapur,1,2.907999802433362,2.907999802433362,2.907999802433362
Uttar Pradesh,Sonbhadra,1,2.689035189035189,2.689035189035189,2.689035189035189
Uttar Pradesh,Sultanpur,1,2.501865671641791,2.501865671641791,2.501865671641791
Uttar Pradesh,Unnao,1,2.1890360490602996,2.1890360490602996,2.1890360490602996
Uttar Pradesh,Varanasi,1,2.211838876364144,2.211838876364144,2.211838876364144
Uttarakhand,Almora,1,3.564419795221843,3.564419795221843,3.564419795221843
Uttarakhand,Bageshwar,1,5.266507557677008,5.266507557677008,5.266507557677008
Uttarakhand,Chamoli,1,3.455531914893617,3.455531914893617,3.455531914893617
Uttarakhand,Champawat,1,2.4324813845844235,2.4324813845844235,2.4324813845844235
Uttarakhand,Dehradun,1,1.580516244299215,1.580516244299215,1.580516244299215
Uttarakhand,Haridwar,1,2.242406241336977,2.242406241336977,2.242406241336977
Uttarakhand,Nainital,1,1.2089967146828406,1.2089967146828406,1.2089967146828406
Uttarakhand,Pauri Garhwal,1,2.5934353341179546,2.5934353341179546,2.5934353341179546
Uttarakhand,Pithoragarh,1,3.6736586442923382,3.6736586442923382,3.6736586442923382
Uttarakhand,Rudraprayag,1,3.7253309265944643,3.7253309265944643,3.7253309265944643
Uttarakhand,Tehri Garhwal,1,2.6523002906685376,2.6523002906685376,2.6523002906685376
Uttarakhand,Udham Singh Nagar,2,2.1102795056320365,3.541642399534071,4.220559011264073
Uttarakhand,Uttarkashi,1,3.9387381895763487,3.9387381895763487,3.9387381895763487
West Bengal,Bankura,1,1.9953310696095077,1.9953310696095077,1.9953310696095077
West Bengal,Barddhaman,2,2.0534449937989687,3.786077698035648,4.106889987597937
West Bengal,Bardhaman,1,5.1027450980392155,5.1027450980392155,5.1027450980392155
West Bengal,Birbhum,1,1.455072266157622,1.455072266157622,1.455072266157622
West Bengal,Cooch Behar,1,1.056271137655609,1.056271137655609,1.056271137655609
West Bengal,Dakshin Dinajpur,1,1.132247321750993,1.132247321750993,1.132247321750993
West Bengal,Darjeeling,1,2.112402457247219,2.112402457247219,2.112402457247219
West Bengal,East Midnapore,1,8.530073074761102,8.530073074761102,8.530073074761102
West Bengal,Haora,1,5.4057478368356,5.4057478368356,5.4057478368356
West Bengal,Hooghly,1,2.400923954889261,2.400923954889261,2.400923954889261
West Bengal,Howrah,1,2.4113768675036824,2.4113768675036824,2.4113768675036824
West Bengal,Jalpaiguri,5,0.46390248380410826,1.7186463171864632,2.3195124190205414
West Bengal,Kolkata,1,2.3115215904060524,2.3115215904060524,2.3115215904060524
West Bengal,Malda,1,0.7259381570969697,0.7259381570969697,0.7259381570969697
West Bengal,Maldah,1,5.306451612903226,5.306451612903226,5.306451612903226
West Bengal,Murshidabad,8,0.42264993020393227,0.890301491673463,3.381199441631458
West Bengal,Nadia,1,2.0739124952717187,2.0739124952717187,2.0739124952717187
West Bengal,North 24 Parganas,8,0.5631067433004892,1.8319113828521725,4.504853946403913
West Bengal,North Twenty Four Parganas,1,7.291861552853134,7.291861552853134,7.291861552853134
West Bengal,Paschim Medinipur,6,0.5537681356188267,1.7460712011339592,3.32260881371296
West Bengal,Purba Bardhaman,1,0.7393859649122807,0.7393859649122807,0.7393859649122807
West Bengal,Purba Medinipur,1,2.500942958726233,2.500942958726233,2.500942958726233
West Bengal,Puruliya,1,1.3988485568234625,1.3988485568234625,1.3988485568234625
West Bengal,South 24 Parganas,8,0.38809112031113796,0.8914495532413499,3.1047289624891037
West Bengal,South Twenty Four Parganas,1,7.197162604583485,7.197162604583485,7.197162604583485
West Bengal,Uttar Dinajpur,3,0.28000743201738193,0.4376460054535835,0.8400222960521457
West Bengal,West Midnapore,1,6.0212765957446805,6.0212765957446805,6.0212765957446805
